"","Code","Name","IPO_Date","Forty4","Days","FirstHslRe","PE","APS","Rate","Stage1","Stage2","Stage3","Stage4","Sector1","Sector2","Prediction","Corret","Error"
"137","603239.SH","浙江仙通",2016-12-30,TRUE,6,17.3218673218672,22.99,8.67,0.0281,0,0,0,0,1,0,11.1732644937529,FALSE,5.17326449375294
"138","603929.SH","亚翔集成",2016-12-30,TRUE,15,21.6154905614517,13.35,3.52,0.038,0,0,0,0,1,0,14.5382837182933,FALSE,-0.461716281706705
"139","002836.SZ","新宏泽",2016-12-29,TRUE,14,38.5282219225583,17.74,4.68,0.0136,0,0,0,0,0,0,15.6853552848783,FALSE,1.68535528487832
"140","002837.SZ","英维克",2016-12-29,TRUE,9,23.8095238095238,22.22,7.02,0.0137,0,0,0,0,0,0,12.7501817775876,FALSE,3.75018177758761
"141","300585.SZ","奥联电子",2016-12-29,TRUE,13,44.4444444444444,20.74,4.93,0.0151,0,0,0,0,0,1,15.9789156034603,FALSE,2.97891560346034
"142","603218.SH","日月股份",2016-12-28,TRUE,5,12.6387176325524,22.99,6.02,0.0396,0,0,0,0,1,0,11.2938481978808,FALSE,6.29384819788083
"143","603886.SH","元祖股份",2016-12-28,TRUE,10,36.0753081594611,22.98,4.2,0.0405,0,0,0,0,1,0,15.6035321323265,FALSE,5.60353213232651
"144","002833.SZ","弘亚数控",2016-12-28,TRUE,12,29.3506950554283,15.56,4.9,0.026,0,0,0,0,0,0,14.4769008728795,FALSE,2.47690087287955
"145","002835.SZ","同为股份",2016-12-28,TRUE,10,27.2589601211511,22.98,5.61,0.0244,0,0,0,0,0,0,13.7900263385189,FALSE,3.79002633851888
"146","300582.SZ","英飞特",2016-12-28,TRUE,9,25.8661232168052,22.98,6.39,0.0291,0,0,0,0,0,1,13.1640918978574,FALSE,4.16409189785739
"147","603298.SH","杭叉集团",2016-12-27,TRUE,6,22.3206696716033,22.97,4.89,0.0575,0,0,0,0,1,0,13.3532956900791,FALSE,7.35329569007914
"148","600996.SH","贵广网络",2016-12-26,TRUE,6,26.6836086404069,22.99,3.58,0.0973,0,0,0,0,1,0,14.6301493784397,FALSE,8.6301493784397
"149","603058.SH","永吉股份",2016-12-23,TRUE,14,32.4307692307689,22.96,1.73,0.0409,0,0,0,0,1,0,18.9034787069674,FALSE,4.90347870696743
"150","002832.SZ","比音勒芬",2016-12-23,TRUE,6,14.7282968853545,22.99,11.78,0.0243,0,0,0,0,0,0,10.0212546394366,FALSE,4.02125463943662
"151","300579.SZ","数字认证",2016-12-23,TRUE,12,21.2765957446809,22.99,5.47,0.0151,0,0,0,0,0,1,13.1988442722699,FALSE,1.19884427226989
"152","603577.SH","汇金通",2016-12-22,TRUE,10,20.179806362379,22.98,6.83,0.0298,0,0,0,0,1,0,12.2429607444321,TRUE,2.24296074443211
"153","603416.SH","信捷电气",2016-12-21,TRUE,9,38.6153846153853,22.98,7.31,0.0272,0,0,0,0,1,0,13.9588583725919,FALSE,4.95885837259186
"154","300577.SZ","开润股份",2016-12-21,TRUE,10,17.5473684210527,22.99,7.78,0.014,0,0,0,0,0,1,11.6071218346222,FALSE,1.60712183462225
"155","603823.SH","百合花",2016-12-20,TRUE,11,34.2596117244003,22.08,4.89,0.0314,0,0,0,0,1,0,14.9467747731571,FALSE,3.94677477315714
"156","300575.SZ","中旗股份",2016-12-20,TRUE,8,34.6226415094339,18.12,11.83,0.0147,0,0,0,0,0,1,12.2077696656821,FALSE,4.20776966568206
"157","300576.SZ","容大感光",2016-12-20,TRUE,15,23.8095238095238,22.99,4.5,0.015,0,0,0,0,0,1,14.1974715191231,FALSE,-0.80252848087691
"158","300581.SZ","晨曦航空",2016-12-20,TRUE,13,43.4615384615387,22.99,10.28,0.0123,0,0,0,0,0,1,13.3159704039022,TRUE,0.315970403902165
"159","603878.SH","武进不锈",2016-12-19,TRUE,7,18.1622010429779,22.98,9.47,0.0371,0,0,0,0,1,0,10.9909400618007,FALSE,3.99094006180065
"160","603098.SH","森特股份",2016-12-16,TRUE,8,23.6484697158857,22.98,3.67,0.0483,0,0,0,0,1,0,14.5913256761786,FALSE,6.59132567617864
"161","002831.SZ","裕同科技",2016-12-16,TRUE,5,13.2448358050848,22.99,6.03,0.0329,0,0,0,0,0,0,11.4567471268367,FALSE,6.4567471268367
"162","603389.SH","亚振家居",2016-12-15,TRUE,9,33.7355967712121,22.97,3.7,0.0392,0,0,0,0,1,0,15.8646252612313,FALSE,6.86462526123134
"163","603585.SH","苏利股份",2016-12-14,TRUE,8,30.0120048019208,22.99,12.86,0.0274,0,0,0,0,1,0,11.4918879066622,TRUE,3.49188790666224
"164","603708.SH","家家悦",2016-12-13,TRUE,8,25.6410256410256,21.65,6.26,0.0511,0,0,0,0,1,0,13.0241554251186,FALSE,5.02415542511863
"165","002829.SZ","星网宇达",2016-12-13,TRUE,12,23.1707317073171,22.99,8.36,0.0134,0,0,0,0,0,0,12.1466506130938,FALSE,0.14665061309381
"166","002830.SZ","名雕股份",2016-12-13,TRUE,11,24.8805970149257,22.96,7.91,0.0126,0,0,0,0,0,0,12.5166382265784,FALSE,1.51663822657842
"167","300571.SZ","平治信息",2016-12-13,TRUE,20,43.4782608695652,22.97,5.67,0.0117,0,0,0,0,0,1,15.4001175674545,FALSE,-4.59988243254553
"168","603928.SH","兴业股份",2016-12-12,TRUE,9,21.8987616771668,19.06,4.92,0.0369,0,0,0,0,1,0,13.4480044432527,FALSE,4.44800444325269
"169","603036.SH","如通股份",2016-12-09,TRUE,11,27.7814207650272,22.95,4.61,0.037,0,0,0,0,1,0,14.413764960725,FALSE,3.41376496072504
"170","002826.SZ","易明医药",2016-12-09,TRUE,14,35.7476635514023,22.98,2.77,0.0305,0,0,0,0,0,0,17.341145829287,FALSE,3.34114582928701
"171","002827.SZ","高争民爆",2016-12-09,TRUE,11,23.3858668022371,22.97,3.69,0.0303,0,0,0,0,0,0,14.6996036540327,FALSE,3.69960365403266
"172","603990.SH","麦迪科技",2016-12-08,TRUE,15,39.2156862745098,22.99,4.48,0.0166,0,0,0,0,1,0,15.8866079972846,TRUE,0.886607997284624
"173","002828.SZ","贝肯能源",2016-12-08,TRUE,11,32.530254246697,22.97,6.71,0.0251,0,0,0,0,0,0,13.7314268723778,FALSE,2.73142687237778
"174","300573.SZ","兴齐眼药",2016-12-08,TRUE,21,38.7296669248644,22.97,6.01,0.0151,0,0,0,0,0,1,14.7616466513006,FALSE,-6.23835334869937
"175","603033.SH","三维股份",2016-12-07,TRUE,10,23.3948263423686,18.09,11.83,0.0291,0,0,0,0,1,0,11.0767463796442,TRUE,1.07674637964417
"176","600909.SH","华安证券",2016-12-06,TRUE,6,23.7984037220703,12.44,3.18,0.2695,0,0,0,0,1,0,13.1805989524702,FALSE,7.18059895247021
"177","300570.SZ","太辰光",2016-12-06,TRUE,10,47.7845923709799,22.99,8.11,0.0308,0,0,0,0,0,1,14.2467321309884,FALSE,4.24673213098837
"178","300572.SZ","安车检测",2016-12-06,TRUE,14,30.5087847730598,22.98,6.84,0.0142,0,0,0,0,0,1,13.5633549902676,TRUE,-0.436645009732388
"179","603559.SH","中通国脉",2016-12-02,TRUE,16,84.6153846153833,22.98,5.48,0.0347,0,0,0,0,1,0,17.7825118104764,TRUE,1.78251181047639
"180","603660.SH","苏州科达",2016-12-01,TRUE,14,49.0196078431373,17.55,3.93,0.0341,0,0,0,0,1,0,17.059329209301,TRUE,3.05932920930097
"181","300568.SZ","星源材质",2016-12-01,TRUE,12,47.8087649402383,22.99,9.74,0.028,0,0,0,0,0,1,13.650458151536,FALSE,1.65045815153603
"182","603319.SH","湘油泵",2016-11-30,TRUE,15,27.0563060050824,22.98,6.68,0.028,0,0,0,0,1,0,13.1641006118712,FALSE,-1.83589938812879
"183","603323.SH","吴江银行",2016-11-29,TRUE,8,14.4220819536424,12.62,6.79,0.0671,0,0,0,0,1,0,11.1060620257004,FALSE,3.10606202570036
"184","002822.SZ","中装建设",2016-11-29,TRUE,11,26.2091137824991,21.35,5.91,0.0391,0,0,0,0,0,0,13.3730540362781,FALSE,2.37305403627806
"185","002825.SZ","纳尔股份",2016-11-29,TRUE,16,30.6899091578689,18.62,5.16,0.0237,0,0,0,0,0,0,14.460751335745,TRUE,-1.539248664255
"186","603819.SH","神力股份",2016-11-25,TRUE,15,20.8362272537854,22.98,5.76,0.036,0,0,0,0,1,0,12.8044961466133,FALSE,-2.19550385338667
"187","300569.SZ","天能重工",2016-11-25,TRUE,10,23.3789544536682,20.08,17.23,0.0261,0,0,0,0,0,1,10.1245866544428,TRUE,0.124586654442751
"188","603336.SH","宏辉果蔬",2016-11-24,TRUE,14,53.7903225806456,20.68,5.31,0.0336,0,0,0,0,1,0,16.1933515469531,FALSE,2.19335154695315
"189","002823.SZ","凯中精密",2016-11-24,TRUE,12,37.1134020618563,22.97,6.28,0.0278,0,0,0,0,0,0,14.3508205528277,FALSE,2.35082055282767
"190","603900.SH","通灵珠宝",2016-11-23,TRUE,10,29.0625717017211,19.52,7.95,0.0433,0,0,0,0,1,0,12.7005858529892,TRUE,2.70058585298916
"191","603727.SH","博迈科",2016-11-22,TRUE,9,24.825544512582,22.99,9.62,0.0424,0,0,0,0,1,0,11.708188265272,TRUE,2.70818826527204
"192","300565.SZ","科信技术",2016-11-22,TRUE,14,33.8896890621029,22.98,4.31,0.0335,0,0,0,0,0,1,15.3558752292088,FALSE,1.35587522920879
"193","300567.SZ","精测电子",2016-11-22,TRUE,14,30.7692307692308,22.99,7.92,0.016,0,0,0,0,0,1,13.0978509035699,TRUE,-0.902149096430053
"194","603987.SH","康德莱",2016-11-21,TRUE,14,43.8333333333329,22.99,5.16,0.0415,0,0,0,0,1,0,15.4958675780266,TRUE,1.49586757802664
"195","603858.SH","步长制药",2016-11-18,TRUE,7,19.8871730582937,22.99,16.76,0.0546,0,0,0,0,1,0,9.65531525743526,TRUE,2.65531525743526
"196","002820.SZ","桂发祥",2016-11-18,TRUE,11,21.1920529801325,22.99,7.31,0.0268,0,0,0,0,0,0,12.1982794758669,TRUE,1.19827947586688
"197","002821.SZ","凯莱英",2016-11-18,TRUE,13,27.2184523809526,22.95,15.39,0.0212,0,0,0,0,0,0,10.802366170026,FALSE,-2.19763382997399
"198","603633.SH","徕木股份",2016-11-17,TRUE,18,29.0668469860899,22.98,5.33,0.0313,0,0,0,0,1,0,14.1055516212114,FALSE,-3.89444837878864
"199","300561.SZ","汇金科技",2016-11-17,TRUE,15,38.8888888888885,22.99,10.18,0.0142,0,0,0,0,0,1,13.002419258279,TRUE,-1.99758074172102
"200","601229.SH","上海银行",2016-11-16,TRUE,2,11.8022482157563,8.26,17.74,0.2301,0,0,0,0,1,0,7.58905180706338,FALSE,5.58905180706338
"201","300562.SZ","乐心医疗",2016-11-16,TRUE,18,31.4893617021274,22.99,7.82,0.0142,0,0,0,0,0,1,13.2218985749759,FALSE,-4.7781014250241
"202","300566.SZ","激智科技",2016-11-15,TRUE,14,34.3103448275863,22.98,6.39,0.0166,0,0,0,0,0,1,14.1382985568736,FALSE,0.138298556873622
"203","300563.SZ","神宇股份",2016-11-14,TRUE,20,35.7142857142857,22.99,4.85,0.0165,0,0,0,0,0,1,15.2587616777807,FALSE,-4.74123832221929
"204","603977.SH","国泰集团",2016-11-11,TRUE,16,61.2249418540275,14.81,4.26,0.0447,0,0,0,0,1,0,17.4700860055738,TRUE,1.47008600557378
"205","002819.SZ","东方中科",2016-11-11,TRUE,21,30.8043478260865,22.95,3.57,0.0272,0,0,0,0,0,0,15.7971684077352,FALSE,-5.20283159226484
"206","603556.SH","海兴电力",2016-11-10,TRUE,7,30.4019282131462,21.32,10.4,0.0579,0,0,0,0,1,0,11.9083408441685,FALSE,4.90834084416847
"207","603060.SH","国检集团",2016-11-09,TRUE,14,34.3750000000001,22.97,3.89,0.0432,0,0,0,0,1,0,15.6994169994072,FALSE,1.69941699940718
"208","002818.SZ","富森美",2016-11-09,TRUE,11,25.8443465491922,22.99,8.05,0.0378,0,0,0,0,0,0,12.3742338304754,TRUE,1.37423383047542
"209","603203.SH","快克股份",2016-11-08,TRUE,15,28.3915565979507,21.04,6.6,0.03,0,0,0,0,1,0,13.330096897649,FALSE,-1.66990310235099
"210","601882.SH","海天精工",2016-11-07,TRUE,29,37.1847841572879,22.98,1.98,0.0496,0,0,0,0,1,0,18.7619168442366,FALSE,-10.2380831557634
"211","300558.SZ","贝达药业",2016-11-07,TRUE,15,86.0621326616285,22.99,2.75,0.0415,0,0,0,0,0,1,21.0259723272658,FALSE,6.02597232726579
"212","300556.SZ","丝路视觉",2016-11-04,TRUE,26,52.3441913010721,22.99,3.45,0.03,0,0,0,0,0,1,17.9171925566867,FALSE,-8.08280744331327
"213","300557.SZ","理工光科",2016-11-01,TRUE,19,34.6620450606586,22.99,7.58,0.0147,0,0,0,0,0,1,13.6094613225312,FALSE,-5.39053867746877
"214","300559.SZ","佳发安泰",2016-11-01,TRUE,14,45.0000000000004,22.99,7.25,0.0161,0,0,0,0,0,1,14.5776809409064,FALSE,0.577680940906367
"215","300560.SZ","中富通",2016-11-01,TRUE,19,27.3906250000002,22.99,5.88,0.0159,0,0,0,0,0,1,13.7203849278504,FALSE,-5.27961507214956
"216","603716.SH","塞力斯",2016-10-31,TRUE,14,20.8852459016392,22.98,15.4,0.0156,0,0,0,0,1,0,10.2111603940076,FALSE,-3.78883960599242
"217","603888.SH","新华网",2016-10-28,TRUE,13,26.3895342688633,22.99,12.14,0.0429,0,0,0,0,1,0,11.2127410299009,FALSE,-1.78725897009915
"218","600926.SH","杭州银行",2016-10-27,TRUE,4,6.89076913356661,10.23,14.32,0.128,0,0,0,0,1,0,7.54928165162115,FALSE,3.54928165162115
"219","603258.SH","电魂网络",2016-10-26,TRUE,15,18.5093780848962,18.16,5.96,0.0454,0,0,0,0,1,0,12.2921417651131,FALSE,-2.70785823488694
"220","603667.SH","五洲新春",2016-10-25,TRUE,15,26.7724867724871,22.96,5.23,0.0423,0,0,0,0,1,0,13.8157613451915,FALSE,-1.18423865480854
"221","002816.SZ","和科达",2016-10-25,TRUE,17,26.8039026482256,22.98,4.93,0.0257,0,0,0,0,0,0,14.1656782915486,FALSE,-2.83432170845137
"222","002817.SZ","黄山胶囊",2016-10-25,TRUE,15,17.7056949097149,22.98,7.03,0.0247,0,0,0,0,0,0,11.842079308781,FALSE,-3.15792069121904
"223","603859.SH","能科股份",2016-10-21,TRUE,18,27.5230247212797,22.97,5.36,0.0332,0,0,0,0,1,0,13.8977982758811,FALSE,-4.10220172411888
"224","300552.SZ","万集科技",2016-10-21,TRUE,17,27.7748881722668,20.91,6.3,0.03,0,0,0,0,0,1,13.4155420805815,FALSE,-3.58445791941845
"225","300553.SZ","集智股份",2016-10-21,TRUE,19,37.2323921811981,22.99,6.21,0.0137,0,0,0,0,0,1,14.5276812457186,FALSE,-4.47231875428143
"226","300550.SZ","和仁科技",2016-10-18,TRUE,19,30.3030303030303,22.99,5.54,0.0174,0,0,0,0,0,1,14.2278728134957,FALSE,-4.77212718650432
"227","300551.SZ","古鳌科技",2016-10-18,TRUE,19,34.6415094339625,22.88,6.49,0.0168,0,0,0,0,0,1,14.1136444596359,FALSE,-4.8863555403641
"228","300555.SZ","路通视信",2016-10-18,TRUE,15,23.5294117647059,22.99,7.16,0.0172,0,0,0,0,0,1,12.6276296433923,TRUE,-2.3723703566077
"229","603160.SH","汇顶科技",2016-10-17,TRUE,20,31.0344827586209,22.99,4.37,0.0485,0,0,0,0,1,0,14.8642520851874,FALSE,-5.1357479148126
"230","603816.SH","顾家家居",2016-10-14,TRUE,5,13.6129628407366,22.99,7.57,0.0647,0,0,0,0,1,0,10.6920537146313,FALSE,5.69205371463135
"231","603313.SH","梦百合",2016-10-13,TRUE,7,19.7271083347031,22.66,6.44,0.0461,0,0,0,0,1,0,12.2312826910244,FALSE,5.23128269102437
"232","603777.SH","来伊份",2016-10-12,TRUE,14,16.8600893584735,22.99,7.53,0.046,0,0,0,0,1,0,11.3658734211972,FALSE,-2.63412657880279
"233","002813.SZ","路畅科技",2016-10-12,TRUE,22,28.4225485551874,22.97,5.39,0.0277,0,0,0,0,0,0,14.0278101042299,FALSE,-7.9721898957701
"234","002815.SZ","崇达技术",2016-10-12,TRUE,8,24.9887550602229,22.98,4.43,0.0401,0,0,0,0,0,0,14.1838487686259,FALSE,6.18384876862592
"235","300548.SZ","博创科技",2016-10-12,TRUE,19,31.0873815611366,22.97,6.01,0.0283,0,0,0,0,0,1,13.9337957043156,FALSE,-5.06620429568439
"236","603421.SH","鼎信通讯",2016-10-11,TRUE,9,23.2520760782214,22.99,3.94,0.0458,0,0,0,0,1,0,14.3089942921583,FALSE,5.30899429215834
"237","603887.SH","城地股份",2016-10-10,TRUE,16,27.5290957923004,22.97,6.8,0.0331,0,0,0,0,1,0,13.1165343767081,FALSE,-2.88346562329185
"238","601128.SH","常熟银行",2016-09-30,TRUE,7,20.1208300066081,9.89,4.26,0.1152,0,0,0,0,1,0,13.013727361769,FALSE,6.01372736176898
"239","300547.SZ","川环科技",2016-09-30,TRUE,13,26.6298539365871,22.99,9.81,0.0154,0,0,0,0,0,1,12.0391484015343,FALSE,-0.960851598465677
"240","300549.SZ","优德精密",2016-09-30,TRUE,16,72.4782608695632,22.99,6.07,0.016,0,0,0,0,0,1,16.9474995882381,FALSE,0.94749958823812
"241","603738.SH","泰晶科技",2016-09-28,TRUE,14,29.7857142857139,22.99,7.53,0.0186,0,0,0,0,1,0,13.1420154831414,FALSE,-0.85798451685857
"242","300545.SZ","联得装备",2016-09-28,TRUE,18,43.4878048780485,22.98,6.17,0.0174,0,0,0,0,0,1,15.033495717238,TRUE,-2.96650428276195
"243","300546.SZ","雄帝科技",2016-09-28,TRUE,18,36.054054054054,22.99,9.65,0.0148,0,0,0,0,0,1,12.9454975777322,FALSE,-5.05450242226783
"244","600908.SH","无锡银行",2016-09-23,TRUE,8,26.7780633476292,9.91,4.45,0.1021,0,0,0,0,1,0,13.8445258597894,FALSE,5.84452585978936
"245","300536.SZ","农尚环境",2016-09-20,TRUE,15,142.365969418961,18.12,4.7,0.0296,0,0,0,0,0,1,20.8201460697975,FALSE,5.82014606979748
"246","300542.SZ","新晨科技",2016-09-20,TRUE,19,45.0909818036387,22.98,5.92,0.0297,0,0,0,0,0,1,15.1929538235543,FALSE,-3.80704617644574
"247","601500.SH","通用股份",2016-09-19,TRUE,9,27.4654301505804,22.98,3.3,0.0974,0,0,0,0,1,0,15.0196956685547,FALSE,6.0196956685547
"248","603189.SH","网达软件",2016-09-14,TRUE,16,28.3076923076921,22.97,3.31,0.045,0,0,0,0,1,0,15.6132388841773,FALSE,-0.386761115822683
"249","002812.SZ","创新股份",2016-09-14,TRUE,8,27.1951912923398,22.99,11.07,0.0305,0,0,0,0,0,0,11.6351908665015,FALSE,3.63519086650146
"250","603067.SH","振华股份",2016-09-13,TRUE,12,28.7596737084293,22.98,4.61,0.0448,0,0,0,0,1,0,14.4559642864974,TRUE,2.45596428649735
"251","300534.SZ","陇神戎发",2016-09-13,TRUE,12,28.2418871367132,22.99,7.55,0.0292,0,0,0,0,0,1,12.8915713113255,FALSE,0.891571311325489
"252","300541.SZ","先进数通",2016-09-13,TRUE,16,36.6032210834553,22.98,5.63,0.0319,0,0,0,0,0,1,14.6545362210464,TRUE,-1.34546377895357
"253","603393.SH","新天然气",2016-09-12,TRUE,7,20.5023065094823,22.99,10.4,0.0393,0,0,0,0,1,0,11.0249374577767,FALSE,4.02493745777675
"254","601163.SH","三角轮胎",2016-09-09,TRUE,5,19.6680040909449,22.98,8.97,0.1101,0,0,0,0,1,0,10.8337643483161,FALSE,5.83376434831607
"255","002811.SZ","亚泰国际",2016-09-08,TRUE,10,29.998000133324,22.98,6.63,0.0339,0,0,0,0,0,0,13.4486107156896,FALSE,3.44861071568964
"256","300543.SZ","朗科智能",2016-09-08,TRUE,13,42.8571428571435,22.46,8.91,0.0163,0,0,0,0,0,1,13.7104507728041,FALSE,0.710450772804098
"257","603843.SH","正平股份",2016-09-05,TRUE,13,34.6180555555553,22.97,2.87,0.0735,0,0,0,0,1,0,16.6163149262194,FALSE,3.61631492621938
"258","002807.SZ","江阴银行",2016-09-02,TRUE,10,16.7008611753448,10.17,4.62,0.0954,0,0,0,0,0,0,12.3871508231825,FALSE,2.38715082318251
"259","603658.SH","安图生物",2016-09-01,TRUE,12,24.1532002990396,22.99,3.44,0.0497,0,0,0,0,1,0,14.880833137277,FALSE,2.88083313727701
"260","603090.SH","宏盛股份",2016-08-31,TRUE,17,32.0512820512821,22.98,4.2,0.0325,0,0,0,0,1,0,15.2696201619278,FALSE,-1.7303798380722
"261","300537.SZ","广信材料",2016-08-30,TRUE,16,28.3189850475759,22.98,4.47,0.0311,0,0,0,0,0,1,14.6390381822142,TRUE,-1.36096181778585
"262","300539.SZ","横河模具",2016-08-30,TRUE,18,57.9268292682922,22.96,3.47,0.0319,0,0,0,0,0,1,18.2831384662425,FALSE,0.283138466242537
"263","603007.SH","花王股份",2016-08-26,TRUE,14,28.5457502353848,22.97,5.68,0.038,0,0,0,0,1,0,13.7745448727908,FALSE,-0.225455127209232
"264","002810.SZ","山东赫达",2016-08-26,TRUE,16,21.1706541891056,22.98,6.54,0.029,0,0,0,0,0,0,12.5135242845352,FALSE,-3.48647571546485
"265","300538.SZ","同益股份",2016-08-26,TRUE,16,17.4216027874564,22.98,6.7,0.0159,0,0,0,0,0,1,12.0037759696882,FALSE,-3.99622403031176
"266","002809.SZ","红墙股份",2016-08-23,TRUE,12,24.9532127261385,22.69,10.21,0.0166,0,0,0,0,0,0,11.7404524460669,TRUE,-0.259547553933126
"267","300540.SZ","深冷股份",2016-08-23,TRUE,14,37.7358490566038,22.98,7.41,0.0182,0,0,0,0,0,1,13.9187011072407,TRUE,-0.0812988927592819
"268","603031.SH","安德利",2016-08-22,TRUE,15,22.2222222222222,22.99,6.72,0.0198,0,0,0,0,1,0,12.6397730988616,FALSE,-2.36022690113845
"269","603515.SH","欧普照明",2016-08-19,TRUE,10,18.5303514376998,22.99,4.53,0.0564,0,0,0,0,1,0,13.0551871800402,FALSE,3.05518718004016
"270","603986.SH","兆易创新",2016-08-18,TRUE,18,33.7837837837838,16.41,10.88,0.0335,0,0,0,0,1,0,12.2461851920823,FALSE,-5.75381480791772
"271","300532.SZ","今天国际",2016-08-18,TRUE,16,36.8421052631581,22.99,8.11,0.0318,0,0,0,0,0,1,13.4282699641722,TRUE,-2.57173003582785
"272","300533.SZ","冰川网络",2016-08-18,TRUE,13,43.1034482758621,21.97,13.33,0.0318,0,0,0,0,0,1,12.3251406900729,FALSE,-0.674859309927148
"273","601595.SH","上海电影",2016-08-17,TRUE,13,40.0222583682912,22.25,4.52,0.0641,0,0,0,0,1,0,15.4600116414026,TRUE,2.46001164140261
"274","601997.SH","贵阳银行",2016-08-16,TRUE,6,17.4219063049879,6.08,7.86,0.2239,0,0,0,0,1,0,10.1405909345261,FALSE,4.14059093452613
"275","600936.SH","广西广电",2016-08-15,TRUE,11,27.9392042914618,22.86,1.2,0.1535,0,0,0,0,1,0,18.6276001209609,FALSE,7.62760012096088
"276","603159.SH","上海亚虹",2016-08-12,TRUE,19,21.5238915195867,18.31,3.39,0.0345,0,0,0,0,1,0,14.6901990274205,FALSE,-4.30980097257954
"277","002808.SZ","苏州恒久",2016-08-12,TRUE,18,19.4741966893866,22.99,4.07,0.0306,0,0,0,0,0,0,13.7708210134427,FALSE,-4.22917898655725
"278","300535.SZ","达威股份",2016-08-12,TRUE,16,21.6521739130436,22.98,9.46,0.0171,0,0,0,0,0,1,11.5810810663252,FALSE,-4.4189189336748
"279","603569.SH","长久物流",2016-08-10,TRUE,12,26.4966887417221,22.98,3.7,0.0508,0,0,0,0,1,0,14.9167306314035,FALSE,2.91673063140346
"280","600977.SH","中国电影",2016-08-09,TRUE,12,25.8978283534086,22.98,4.76,0.2203,0,0,0,0,1,0,12.5561516203225,TRUE,0.556151620322511
"281","300530.SZ","达志科技",2016-08-09,TRUE,19,42.6829268292691,22.98,6.14,0.0182,0,0,0,0,0,1,14.9807142290918,FALSE,-4.01928577090825
"282","300531.SZ","优博讯",2016-08-09,TRUE,19,22.9885057471264,22.98,6.13,0.0194,0,0,0,0,0,1,13.028190524227,FALSE,-5.97180947577303
"283","601811.SH","新华文轩",2016-08-08,TRUE,14,16.760905370757,14.67,6.15,0.0797,0,0,0,0,1,0,11.6764884425334,FALSE,-2.32351155746661
"284","300528.SZ","幸福蓝海",2016-08-08,TRUE,16,25.2406034594877,22.98,5.58,0.0522,0,0,0,0,0,1,13.3376286116343,TRUE,-2.66237138836567
"285","300527.SZ","华舟应急",2016-08-05,TRUE,16,43.1700309689941,22.99,3.53,0.0751,0,0,0,0,0,1,16.587675373821,FALSE,0.587675373821003
"286","600919.SH","江苏银行",2016-08-02,TRUE,4,1.08201230576359,7.64,6.26,0.4673,0,0,0,0,1,0,4.92625164093332,TRUE,0.926251640933318
"287","300526.SZ","中潜股份",2016-08-02,TRUE,19,34.8360655737707,22.99,5.36,0.0367,0,0,0,0,0,1,14.622893917213,FALSE,-4.37710608278702
"288","300529.SZ","健帆生物",2016-08-02,TRUE,18,28.9655172413789,22.98,2.38,0.0498,0,0,0,0,0,1,16.9564688145915,FALSE,-1.04353118540853
"289","603663.SH","三祥新材",2016-08-01,TRUE,20,21.3694267515923,22.98,2.87,0.042,0,0,0,0,1,0,15.2022731328784,FALSE,-4.79772686712162
"290","603322.SH","超讯通信",2016-07-28,TRUE,18,37.037037037037,22.98,5.61,0.0224,0,0,0,0,1,0,14.7936278005426,FALSE,-3.20637219945738
"291","002806.SZ","华锋股份",2016-07-26,TRUE,24,22.2222222222222,22.96,4.07,0.0184,0,0,0,0,0,0,14.2945525122009,FALSE,-9.70544748779913
"292","300523.SZ","辰安科技",2016-07-26,TRUE,19,58.8235294117647,22.99,8.92,0.0208,0,0,0,0,0,1,14.678172651562,FALSE,-4.32182734843802
"293","300525.SZ","博思软件",2016-07-26,TRUE,22,24.081115335868,22.99,5.81,0.0191,0,0,0,0,0,1,13.3406539635334,FALSE,-8.65934603646657
"294","300517.SZ","海波重科",2016-07-19,TRUE,17,23.0630630630631,22.97,5.37,0.0371,0,0,0,0,0,1,13.3170665490611,TRUE,-3.68293345093889
"295","603069.SH","海汽集团",2016-07-12,TRUE,17,23.5820895522389,18.2,3.07,0.0755,0,0,0,0,1,0,14.9739336452282,FALSE,-2.02606635477183
"296","002803.SZ","吉宏股份",2016-07-12,TRUE,20,25.6637168141595,22.84,3.37,0.0332,0,0,0,0,0,0,15.3180602390865,FALSE,-4.68193976091346
"297","300520.SZ","科大国创",2016-07-08,TRUE,21,28.3950617283949,22.84,5.02,0.0353,0,0,0,0,0,1,14.2023353511354,FALSE,-6.7976646488646
"298","002805.SZ","丰元股份",2016-07-07,TRUE,22,16.5781731098186,22.97,5.37,0.0313,0,0,0,0,0,0,12.4080770949536,FALSE,-9.59192290504644
"299","601966.SH","玲珑轮胎",2016-07-06,TRUE,9,20.8472314876584,22.97,5.71,0.1351,0,0,0,0,1,0,12.0637682795605,FALSE,3.06376827956046
"300","300521.SZ","爱司凯",2016-07-05,TRUE,17,43.4782608695652,22.98,5.24,0.0219,0,0,0,0,0,1,15.5992652468348,TRUE,-1.40073475316519
"301","300522.SZ","世名科技",2016-07-05,TRUE,4,21.9342105263159,22.98,7.64,0.0204,0,0,0,0,0,1,12.2103038451979,FALSE,8.21030384519787
"302","603016.SH","新宏泰",2016-07-01,TRUE,15,23.0095640293132,19.3,5.05,0.0478,0,0,0,0,1,0,13.4209205355159,FALSE,-1.57907946448407
"303","603958.SH","哈森股份",2016-06-29,TRUE,14,18.3605438821703,22.98,5.02,0.0577,0,0,0,0,1,0,12.6959303741862,FALSE,-1.30406962581381
"304","002802.SZ","洪汇新材",2016-06-29,TRUE,17,14.6563890999891,22.98,4.23,0.0344,0,0,0,0,0,0,12.7663069920073,FALSE,-4.23369300799272
"305","603909.SH","合诚股份",2016-06-28,TRUE,18,22.3214285714286,21,5.62,0.041,0,0,0,0,1,0,13.0419396499302,FALSE,-4.95806035006981
"306","300518.SZ","盛讯达",2016-06-24,TRUE,19,18.526750277822,22.68,10.13,0.0385,0,0,0,0,0,1,10.8510169434754,FALSE,-8.14898305652464
"307","300519.SZ","新光药业",2016-06-24,TRUE,21,37.7287304282211,8.26,6.51,0.0235,0,0,0,0,0,1,14.3167353599788,FALSE,-6.68326464002115
"308","002801.SZ","微光股份",2016-06-22,TRUE,19,27.2088724584106,15.24,11.16,0.018,0,0,0,0,0,0,11.7045086394461,FALSE,-7.29549136055388
"309","601127.SH","小康股份",2016-06-15,TRUE,18,21.1738484398215,18.19,3.74,0.1102,0,0,0,0,1,0,13.6306545952589,FALSE,-4.36934540474108
"310","002799.SZ","环球印务",2016-06-08,TRUE,22,25.7731958762887,22.99,4.88,0.0343,0,0,0,0,0,0,14.0007719837813,FALSE,-7.99922801621869
"311","300515.SZ","三德科技",2016-06-08,TRUE,19,24.500196001568,22.98,4.11,0.039,0,0,0,0,0,1,14.3911083030674,FALSE,-4.60889169693261
"312","603131.SH","上海沪工",2016-06-07,TRUE,22,21.253081696846,22.98,5.51,0.0417,0,0,0,0,1,0,12.9553469899676,FALSE,-9.0446530100324
"313","601611.SH","中国核建",2016-06-06,TRUE,16,12.6455746510423,15.6,2.97,0.2798,0,0,0,0,1,0,11.5493097762969,FALSE,-4.45069022370313
"314","603737.SH","三棵树",2016-06-03,TRUE,18,16.1290322580645,18.09,8.83,0.0415,0,0,0,0,1,0,10.8552333767628,FALSE,-7.14476662323719
"315","300516.SZ","久之洋",2016-06-02,TRUE,18,19.9097425006635,22.98,8.52,0.0429,0,0,0,0,0,1,11.4717178362344,FALSE,-6.52828216376564
"316","002800.SZ","天顺股份",2016-05-30,TRUE,23,11.7758305490764,19.77,5.01,0.0203,0,0,0,0,0,0,11.7649035567928,FALSE,-11.2350964432072
"317","300513.SZ","恒泰实达",2016-05-30,TRUE,22,15.4444534478568,22.98,6.61,0.0236,0,0,0,0,0,1,11.6650242612451,FALSE,-10.3349757387549
"318","300512.SZ","中亚股份",2016-05-26,TRUE,12,16.07295932946,22.96,8.69,0.0461,0,0,0,0,0,1,10.8578313721086,FALSE,-1.14216862789143
"319","002798.SZ","帝王洁具",2016-05-25,TRUE,19,10.991807032721,22.98,6.5,0.0341,0,0,0,0,0,0,10.7787145218015,FALSE,-8.22128547819846
"320","603339.SH","四方冷链",2016-05-19,TRUE,14,11.1221065312795,18.99,5.71,0.0574,0,0,0,0,1,0,10.992969000592,FALSE,-3.00703099940795
"321","603959.SH","百利科技",2016-05-17,TRUE,17,14.5333748572615,22.96,3.43,0.0568,0,0,0,0,1,0,13.2236441173277,FALSE,-3.77635588267231
"322","603779.SH","威龙股份",2016-05-16,TRUE,20,11.306051665503,22.45,3.61,0.0532,0,0,0,0,1,0,12.3699039590702,FALSE,-7.63009604092975
"323","002797.SZ","第一创业",2016-05-11,TRUE,6,6.11129249650466,22.99,3.83,0.1239,0,0,0,0,0,0,10.1579596885021,FALSE,4.15795968850206
"324","002796.SZ","世嘉科技",2016-05-10,TRUE,11,13.2687587076229,22.33,6.05,0.0206,0,0,0,0,0,0,11.5403877628583,TRUE,0.540387762858293
"325","603101.SH","汇嘉时代",2016-05-06,TRUE,8,11.1094652644053,22.98,4.64,0.0605,0,0,0,0,1,0,11.5376509192341,FALSE,3.53765091923413
"326","300510.SZ","金冠电气",2016-05-06,TRUE,10,34.0624999999996,22.99,6.34,0.0391,0,0,0,0,0,1,13.9451301241981,FALSE,3.94513012419809
"327","300511.SZ","雪榕生物",2016-05-04,TRUE,9,32.7196579705083,22.98,8.05,0.0475,0,0,0,0,0,1,12.9703120784216,FALSE,3.97031207842158
"328","603528.SH","多伦科技",2016-05-03,TRUE,18,17.5686701115039,6.41,5.11,0.0588,0,0,0,0,1,0,12.5076714026742,FALSE,-5.49232859732581
"329","300507.SZ","苏奥传感",2016-04-29,TRUE,9,18.164977661545,22.99,10.35,0.0221,0,0,0,0,0,1,10.857089822513,FALSE,1.85708982251305
"330","603822.SH","嘉澳环保",2016-04-28,TRUE,11,15.1652892561983,22.97,8.06,0.0239,0,0,0,0,1,0,11.0672108152087,TRUE,0.0672108152086572
"331","002795.SZ","永和智控",2016-04-28,TRUE,9,13.398360040731,22.99,5.4,0.0349,0,0,0,0,0,0,11.7847577252878,FALSE,2.78475772528779
"332","603029.SH","天鹅股份",2016-04-27,TRUE,12,11.2481927710843,22.98,7.26,0.0448,0,0,0,0,1,0,10.4766582891959,FALSE,-1.52334171080408
"333","300509.SZ","新美星",2016-04-25,TRUE,11,19.8846689202625,22.98,6.79,0.0246,0,0,0,0,0,1,12.2596079604934,FALSE,1.25960796049344
"334","603726.SH","朗迪集团",2016-04-21,TRUE,12,14.9193548387097,19.23,7.14,0.0422,0,0,0,0,1,0,11.2280352614421,FALSE,-0.771964738557871
"335","300508.SZ","维宏股份",2016-04-19,TRUE,15,37.2870662460569,22.98,7.1,0.0319,0,0,0,0,0,1,13.9071482777785,FALSE,-1.09285172222152
"336","603868.SH","飞科电器",2016-04-18,TRUE,10,9.95433789954341,16.52,4.21,0.0633,0,0,0,0,1,0,11.5057383327657,TRUE,1.50573833276574
"337","002793.SZ","东音股份",2016-04-15,TRUE,14,15.7054906395276,14.64,5.97,0.0369,0,0,0,0,0,0,11.904039445304,FALSE,-2.09596055469597
"338","603701.SH","德宏股份",2016-04-12,TRUE,14,12.3270440251572,21.6,6.39,0.0271,0,0,0,0,1,0,11.1552041216272,FALSE,-2.84479587837276
"339","603798.SH","康普顿",2016-04-06,TRUE,13,20.3268558419384,17.47,6.62,0.0432,0,0,0,0,1,0,12.2537555357547,FALSE,-0.746244464245347
"340","603028.SH","赛福天",2016-03-31,TRUE,18,16.0890728380309,22.94,2.04,0.0612,0,0,0,0,1,0,15.3134955507142,FALSE,-2.68650444928578
"341","300474.SZ","景嘉微",2016-03-31,TRUE,20,23.6883043416775,21.25,5.9,0.0484,0,0,0,0,0,1,13.0017985272183,FALSE,-6.99820147278167
"342","002791.SZ","坚朗五金",2016-03-29,TRUE,7,12.7801786228753,21.68,10.21,0.0447,0,0,0,0,0,0,9.92332199021091,FALSE,2.92332199021091
"343","002792.SZ","通宇通讯",2016-03-28,TRUE,10,17.8571428571429,9.7361,10.74,0.0364,0,0,0,0,0,0,10.6231728487608,TRUE,0.623172848760776
"344","300506.SZ","名家汇",2016-03-24,TRUE,15,19.2307692307692,22.96,4.03,0.0484,0,0,0,0,0,1,13.6129326322436,TRUE,-1.38706736775639
"345","603861.SH","白云电器",2016-03-22,TRUE,9,9.98271830842767,22.97,4.25,0.074,0,0,0,0,1,0,11.4101916451837,FALSE,2.41019164518375
"346","300484.SZ","蓝海华腾",2016-03-22,TRUE,20,24.975984630163,19.83,8.42,0.0237,0,0,0,0,0,1,12.2530299566078,FALSE,-7.74697004339222
"347","601020.SH","华钰矿业",2016-03-16,TRUE,10,20.1550387596898,22.97,2.71,0.0713,0,0,0,0,1,0,14.9388843264293,FALSE,4.93888432642926
"348","300505.SZ","川金诺",2016-03-15,TRUE,11,15.4635761589405,22.98,6.03,0.0457,0,0,0,0,0,1,11.7688555013994,FALSE,0.768855501399432
"349","002789.SZ","建艺集团",2016-03-11,TRUE,7,10.1759486691062,22.99,12.06,0.037,0,0,0,0,0,0,9.09595862611622,FALSE,2.09595862611622
"350","603919.SH","金徽酒",2016-03-10,TRUE,7,11.7847101803061,18.47,5.28,0.0742,0,0,0,0,1,0,11.2331926153127,FALSE,4.23319261531269
"351","603520.SH","司太立",2016-03-09,TRUE,10,15.2276534186082,22.98,6.25,0.0487,0,0,0,0,1,0,11.604517088343,FALSE,1.60451708834299
"352","300503.SZ","昊志机电",2016-03-09,TRUE,14,18.1106925528832,22.98,6.22,0.0471,0,0,0,0,0,1,12.0926258310482,FALSE,-1.90737416895181
"353","002790.SZ","瑞尔特",2016-03-08,TRUE,8,7.67165324127349,19.78,7.7,0.0468,0,0,0,0,0,0,9.46333994252015,FALSE,1.46333994252015
"354","603027.SH","千禾味业",2016-03-07,TRUE,9,10.3640367923306,22.98,5.04,0.0533,0,0,0,0,1,0,11.1822615778941,TRUE,2.18226157789408
"355","300502.SZ","新易盛",2016-03-03,TRUE,11,20,18.58,11.47,0.0267,0,0,0,0,0,1,10.7895838017327,TRUE,-0.210416198267348
"356","603608.SH","天创时尚",2016-02-18,TRUE,8,11.9419281095928,22.98,5.12,0.0769,0,0,0,0,1,0,11.3324226737713,FALSE,3.33242267377128
"357","002788.SZ","鹭燕医药",2016-02-18,TRUE,8,18.4417975717822,22.97,9.69,0.045,0,0,0,0,0,0,10.9133469777298,FALSE,2.9133469777298
"358","601900.SH","南方传媒",2016-02-15,TRUE,10,12.460209856166,22.97,4.39,0.1329,0,0,0,0,1,0,11.4703332540923,TRUE,1.47033325409226
"359","603377.SH","东方时尚",2016-02-05,TRUE,10,3.79541210584645,21.74,3.35,0.0734,0,0,0,0,1,0,9.72946459005837,FALSE,-0.270535409941633
"360","300500.SZ","启迪设计",2016-02-04,TRUE,11,19.6437925615504,22.98,9.79,0.023,0,0,0,0,0,1,11.1945342365942,FALSE,0.194534236594192
"361","300501.SZ","海顺新材",2016-02-04,TRUE,11,20.2727272727271,22.99,9.73,0.0222,0,0,0,0,0,1,11.2967675958585,FALSE,0.296767595858519
"362","300499.SZ","高澜股份",2016-02-02,TRUE,13,12.153689122193,22.97,7.72,0.0231,0,0,0,0,0,1,10.6456583633157,TRUE,-2.35434163668426
"363","002778.SZ","高科石化",2016-01-06,TRUE,14,20.4587155963303,22.97,6.18,0.1924,0,0,0,0,0,0,11.3696870896929,FALSE,-2.63031291030712
"364","603299.SH","井神股份",2015-12-31,TRUE,14,17.6125244618395,22.92,3.47,0.2472,0,0,0,0,1,0,12.2269260069586,FALSE,-1.77307399304142
"365","603778.SH","乾景园林",2015-12-31,TRUE,10,14.5985401459854,19.57,9.72,0.1714,0,0,0,0,1,0,9.56165275681892,FALSE,-0.438347243181084
"366","002777.SZ","久远银海",2015-12-31,TRUE,17,20.6185567010309,17.72,5.28,0.1378,0,0,0,0,0,0,12.2449301230279,FALSE,-4.75506987697215
"367","002787.SZ","华源控股",2015-12-31,TRUE,10,19.6637059382156,22.86,6.15,0.2083,0,0,0,0,0,0,11.1706929788449,FALSE,1.17069297884488
"368","300490.SZ","华自科技",2015-12-31,TRUE,14,21.3675213675214,22.98,5.29,0.1691,0,0,0,0,0,1,12.0993726728934,FALSE,-1.90062732710658
"369","300491.SZ","通合科技",2015-12-31,TRUE,15,57.1428571428571,22.98,4.61,0.1751,0,0,0,0,0,1,15.5546679798037,FALSE,0.554667979803723
"370","300494.SZ","盛天网络",2015-12-31,TRUE,14,42.8571428571435,20.85,6.61,0.1854,0,0,0,0,0,1,13.2684545319611,TRUE,-0.731545468038876
"372","603508.SH","思维列控",2015-12-24,TRUE,12,24.388756783123,22.99,13.35,0.3997,0,0,0,0,1,0,8.61525743191317,FALSE,-3.38474256808683
"373","002785.SZ","万里石",2015-12-23,TRUE,23,23.1481481481481,22.9,3.05,0.1783,0,0,0,0,0,0,14.0073365614159,FALSE,-8.99266343858413
"374","002786.SZ","银宝山新",2015-12-23,TRUE,13,21.7656324909253,22.81,7.22,0.2366,0,0,0,0,0,0,10.7986567676368,FALSE,-2.20134323236321
"375","300492.SZ","山鼎设计",2015-12-23,TRUE,17,45.217391304347,22.96,3.35,0.1883,0,0,0,0,0,1,15.8189742395498,FALSE,-1.1810257604502
"376","603866.SH","桃李面包",2015-12-22,TRUE,11,11.7220312499999,22.98,3.56,0.408,0,0,0,0,1,0,10.0284241563735,TRUE,-0.971575843626509
"377","603996.SH","中新科技",2015-12-22,TRUE,14,20.0400000000002,22.96,6.49,0.2387,0,0,0,0,1,0,10.8643216477097,FALSE,-3.13567835229026
"378","002781.SZ","奇信股份",2015-12-22,TRUE,13,25.7128164104909,20.35,6.54,0.2683,0,0,0,0,0,0,11.2599887855129,TRUE,-1.74001121448715
"379","002782.SZ","可立克",2015-12-22,TRUE,17,25.3571428571428,22.97,4.36,0.2229,0,0,0,0,0,0,12.7460570220638,FALSE,-4.25394297793623
"380","300495.SZ","美尚生态",2015-12-22,TRUE,13,19.4186046511628,20.27,13.72,0.2913,0,0,0,0,0,1,8.69902175456238,FALSE,-4.30097824543762
"381","300497.SZ","富祥股份",2015-12-22,TRUE,15,10.9622411693058,21.79,7.55,0.1627,0,0,0,0,0,1,9.5854748295253,FALSE,-5.4145251704747
"382","603800.SH","道森股份",2015-12-10,TRUE,15,18.5053380782917,21.15,4.86,0.3156,0,0,0,0,1,0,10.9137813425255,FALSE,-4.08621865747447
"383","603999.SH","读者传媒",2015-12-10,TRUE,16,17.8041543026705,19.85,6.18,0.2545,0,0,0,0,1,0,10.6006944589457,FALSE,-5.39930554105432
"384","300493.SZ","润欣科技",2015-12-10,TRUE,22,30.0000000000003,22.97,3.71,0.147,0,0,0,0,0,1,14.4364453871801,FALSE,-7.56355461281989
"385","300496.SZ","中科创达",2015-12-10,TRUE,21,26.8788302333082,22.99,9.01,0.2368,0,0,0,0,0,1,10.7278294367817,FALSE,-10.2721705632183
"386","603398.SH","邦宝益智",2015-12-09,TRUE,20,21.4285714285713,22.99,5.16,0.2318,0,0,0,0,1,0,11.7134314522708,FALSE,-8.28656854772921
"387","603696.SH","安记食品",2015-12-09,TRUE,16,12.7118644067796,22.95,5.35,0.2761,0,0,0,0,1,0,10.0416240918363,FALSE,-5.95837590816366
"388","603936.SH","博敏电子",2015-12-09,TRUE,16,18.5176991150444,22.98,5.14,0.234,0,0,0,0,1,0,11.3298918465085,FALSE,-4.67010815349147
"389","002779.SZ","中坚科技",2015-12-09,TRUE,16,14.3790849673202,18.97,6.44,0.1621,0,0,0,0,0,0,10.5955805793803,FALSE,-5.40441942061974
"390","002780.SZ","三夫户外",2015-12-09,TRUE,23,18.0851063829787,22.95,5.05,0.1484,0,0,0,0,0,0,11.9393068763614,FALSE,-11.0606931236386
"391","002783.SZ","凯龙股份",2015-12-09,TRUE,15,6.26726726726739,22.98,14.56,0.218,0,0,0,0,0,0,6.95804966836939,FALSE,-8.04195033163061
"394","300480.SZ","光力科技",2015-07-02,TRUE,23,43.3880399924534,22.99,4.68,0.1599,0,0,0,1,0,1,12.3035797435278,FALSE,-10.6964202564722
"395","300487.SZ","蓝晓科技",2015-07-02,TRUE,10,18.018018018018,20.32,8,0.4727,0,0,0,1,0,1,7.28841938217459,FALSE,-2.71158061782541
"396","603838.SH","四通股份",2015-07-01,TRUE,5,27.3368317481144,22.96,4.34,0.2713,0,0,0,1,1,0,10.5357035189944,FALSE,5.53570351899443
"397","300488.SZ","恒锋工具",2015-07-01,TRUE,5,40.3548387096767,19.3,8.6,0.1512,0,0,0,1,0,1,10.4937223863492,FALSE,5.49372238634919
"398","300489.SZ","中飞股份",2015-07-01,TRUE,11,37.8333333333333,22.97,8.8667,0.4137,0,0,0,1,0,1,8.71485349951324,FALSE,-2.28514650048676
"399","603085.SH","天成自控",2015-06-30,TRUE,12,11.7370892018779,22.98,3.7,0.2724,0,0,0,1,1,0,9.04874955294972,FALSE,-2.95125044705028
"400","603223.SH","恒通股份",2015-06-30,TRUE,6,17.5459118025501,22.97,4.5,0.3463,0,0,0,1,1,0,9.01905759722577,FALSE,3.01905759722577
"401","603979.SH","金诚信",2015-06-30,TRUE,4,11.8363837978594,22.98,8.9,0.7811,0,0,0,1,1,0,5.32974935052095,TRUE,1.32974935052095
"402","002768.SZ","国恩股份",2015-06-30,TRUE,5,10.5814507168933,22.99,8.03,0.4373,0,0,0,1,0,0,6.60380099520733,FALSE,1.60380099520733
"403","002770.SZ","科迪乳业",2015-06-30,TRUE,5,14.8692419730006,20.81,3.71,0.4942,0,0,0,1,0,0,8.30473442032375,FALSE,3.30473442032375
"404","300481.SZ","濮阳惠成",2015-06-30,TRUE,6,20.2020202020202,22.95,4.69,0.4675,0,0,0,1,0,1,8.5452453353148,FALSE,2.5452453353148
"405","300482.SZ","万孚生物",2015-06-30,TRUE,14,40.7331975560082,18.56,8.23,0.3894,0,0,0,1,0,1,9.16111840433124,FALSE,-4.83888159566876
"406","300483.SZ","沃施股份",2015-06-30,TRUE,11,21.2328767123289,22.99,6.21,0.3154,0,0,0,1,0,1,8.87369730042151,TRUE,-2.12630269957849
"407","300486.SZ","东杰智能",2015-06-30,TRUE,5,26.30303030303,22.96,4.63,0.3668,0,0,0,1,0,1,9.68664609377783,FALSE,4.68664609377783
"408","603116.SH","红蜻蜓",2015-06-29,TRUE,5,7.93522267206448,22.94,6.47,0.7693,0,0,0,1,1,0,5.30333183147135,FALSE,0.303331831471351
"409","603117.SH","万林股份",2015-06-29,TRUE,7,21.2765957446809,22.98,3.13,0.3062,0,0,0,1,1,0,10.5507627635833,FALSE,3.5507627635833
"410","603589.SH","口子窖",2015-06-29,TRUE,5,11.5384615384615,22.98,5.28,0.6946,0,0,0,1,1,0,6.35175425050435,TRUE,1.35175425050435
"411","002769.SZ","普路通",2015-06-29,TRUE,7,12.5,19.64,11.65,0.4091,0,0,0,1,0,0,6.37316891184136,TRUE,-0.626831088158643
"412","002771.SZ","真视通",2015-06-29,TRUE,15,22.4693854623076,22.98,6.09,0.188,0,0,0,1,0,0,9.77743057520443,FALSE,-5.22256942479557
"413","002775.SZ","文科园林",2015-06-29,TRUE,6,11.1520017843203,22.98,8.37,0.4852,0,0,0,1,0,0,6.42038502616334,TRUE,0.420385026163337
"414","601211.SH","国泰君安",2015-06-26,TRUE,3,7.37399653204556,22.99,9.4,1.5742,0,0,0,1,1,0,2.8823832146945,FALSE,-0.117616785305504
"415","002772.SZ","众兴菌业",2015-06-26,TRUE,7,16.6287219320566,22.98,6.19,0.2191,0,0,0,1,0,0,8.92577052879855,FALSE,1.92577052879855
"416","002773.SZ","康弘药业",2015-06-26,TRUE,7,15.6701030927836,22.98,4.87,0.2304,0,0,0,1,0,0,9.27157750179142,FALSE,2.27157750179142
"417","002776.SZ","柏堡龙",2015-06-26,TRUE,6,12.7946127946128,22.98,9.22,0.6035,0,0,0,1,0,0,6.00765488235122,FALSE,0.00765488235122369
"418","300485.SZ","赛升药业",2015-06-26,TRUE,6,16.5745856353592,22.99,14.4,0.3663,0,0,0,1,0,1,6.62391858308532,TRUE,0.623918583085318
"419","601368.SH","绿城水务",2015-06-12,TRUE,10,71.3592233009702,22.96,3.24,0.2955,0,0,0,1,1,0,13.8303400554745,FALSE,3.83034005547447
"420","002765.SZ","蓝黛传动",2015-06-12,TRUE,10,46.8426267903791,22.98,4.48,0.2883,0,0,0,1,0,0,11.6774686323673,TRUE,1.67746863236735
"421","002767.SZ","先锋电子",2015-06-12,TRUE,10,43.1034482758621,22.43,6.11,0.3477,0,0,0,1,0,0,10.2397753220619,FALSE,0.239775322061886
"422","300470.SZ","日机密封",2015-06-12,TRUE,10,32.5365853658538,21.84,14.04,0.3336,0,0,0,1,0,1,7.91761685702827,FALSE,-2.08238314297173
"423","300473.SZ","德尔股份",2015-06-12,TRUE,9,73.5294117647059,22.99,14,0.5936,0,0,0,1,0,1,8.09376522366746,TRUE,-0.906234776332537
"424","300479.SZ","神思电子",2015-06-12,TRUE,14,133.333333333333,22.96,4.58,0.276,0,0,0,1,0,1,14.8119105865159,FALSE,0.811910586515856
"425","601968.SH","宝钢包装",2015-06-11,TRUE,13,48.1139260969966,22.93,2.35,0.453,0,0,0,1,1,0,12.4050608956549,FALSE,-0.594939104345093
"426","603066.SH","音飞储存",2015-06-11,TRUE,11,43.859649122807,20.98,6.68,0.2574,0,0,0,1,1,0,10.6420029308047,FALSE,-0.357997069195266
"427","603616.SH","韩建河山",2015-06-11,TRUE,11,27.787878787879,20.64,5.57,0.3292,0,0,0,1,1,0,9.59787783569103,FALSE,-1.40212216430897
"428","002760.SZ","凤形股份",2015-06-11,TRUE,11,61.1111111111125,22.97,6.16,0.345,0,0,0,1,0,0,11.0735704927449,FALSE,0.0735704927449046
"429","002766.SZ","索菱股份",2015-06-11,TRUE,13,34.6969696969696,22.82,4.92,0.3153,0,0,0,1,0,0,10.4900655627714,FALSE,-2.50993443722859
"430","300469.SZ","信息发展",2015-06-11,TRUE,15,43.6829714883605,22.98,4.54,0.2555,0,0,0,1,0,1,11.6950443647742,FALSE,-3.30495563522582
"431","300471.SZ","厚普股份",2015-06-11,TRUE,9,26.909090909091,21.85,18.2,0.5263,0,0,0,1,0,1,6.31476049133681,FALSE,-2.68523950866319
"432","300472.SZ","新元科技",2015-06-11,TRUE,11,30.3035811670605,22.99,5.25,0.3514,0,0,0,1,0,1,9.79246445280848,FALSE,-1.20753554719152
"433","300476.SZ","胜宏科技",2015-06-11,TRUE,11,60.114754098359,22.97,7.63,0.461,0,0,0,1,0,1,9.74104806051844,TRUE,-1.25895193948156
"434","601985.SH","中国核电",2015-06-10,TRUE,12,52.503177717386,22.29,2.28,1.6319,0,0,0,1,1,0,6.10775847139043,FALSE,-5.89224152860957
"435","002761.SZ","多喜爱",2015-06-10,TRUE,12,25.4237288135595,22.75,4.96,0.2278,0,0,0,1,0,0,10.3093362306322,FALSE,-1.69066376936779
"436","002762.SZ","金发拉比",2015-06-10,TRUE,11,24.2857142857145,18.71,11.5,0.2948,0,0,0,1,0,0,7.97312380384552,FALSE,-3.02687619615448
"437","002763.SZ","汇洁股份",2015-06-10,TRUE,11,24.3243243243244,21.72,6.39,0.3665,0,0,0,1,0,0,8.80082255806868,FALSE,-2.19917744193132
"438","300464.SZ","星徽精密",2015-06-10,TRUE,12,39.7499999999992,22.67,5.28,0.2816,0,0,0,1,0,1,10.8575121886274,FALSE,-1.14248781137264
"439","300475.SZ","聚隆科技",2015-06-10,TRUE,12,34.0136054421769,13.33,4.95,0.2734,0,0,0,1,0,1,10.7039531426475,FALSE,-1.29604685735254
"440","300477.SZ","合纵科技",2015-06-10,TRUE,12,40.6249999999994,15.38,6.12,0.2364,0,0,0,1,0,1,10.8264830745994,FALSE,-1.17351692540061
"441","300478.SZ","杭州高新",2015-06-10,TRUE,12,83.3500000000001,22.99,6.84,0.271,0,0,0,1,0,1,12.1227879467869,TRUE,0.122787946786909
"442","603026.SH","石大胜华",2015-05-29,TRUE,14,27.8461538461537,32.55,6.32,0.2956,0,0,1,0,1,0,16.5695693549424,FALSE,2.56956935494243
"443","603300.SH","华铁科技",2015-05-29,TRUE,14,36.9854014598543,22.98,4.96,0.3722,0,0,1,0,1,0,17.8623501534047,TRUE,3.86235015340472
"444","603901.SH","永创智能",2015-05-29,TRUE,13,17.7304964539007,22.91,7.59,0.3499,0,0,1,0,1,0,13.8386489795381,TRUE,0.838648979538128
"445","603198.SH","迎驾贡酒",2015-05-28,TRUE,12,24.0963855421687,19.4,4.3,0.7001,0,0,1,0,1,0,13.6869250240382,FALSE,1.68692502403815
"446","603568.SH","伟明环保",2015-05-28,TRUE,14,26.6279069767445,22.97,3.15,0.4607,0,0,1,0,1,0,17.5335147322511,FALSE,3.53351473225106
"447","603669.SH","灵康药业",2015-05-28,TRUE,14,43.6241610738254,22.98,4.14,0.4139,0,0,1,0,1,0,18.8754406094147,FALSE,4.87544060941474
"448","603918.SH","金桥信息",2015-05-28,TRUE,19,37.9310344827591,22.99,4.96,0.2131,0,0,1,0,1,0,19.8389505319492,FALSE,0.838950531949195
"449","002759.SZ","天际股份",2015-05-28,TRUE,14,17.3913043478261,20.16,5.37,0.3144,0,0,1,0,0,0,15.3260921545076,FALSE,1.32609215450763
"450","300463.SZ","迈克生物",2015-05-28,TRUE,6,57.6923076923088,22.99,9.62,0.3221,0,0,1,0,0,1,17.3338411206066,FALSE,11.3338411206066
"451","300465.SZ","高伟达",2015-05-28,TRUE,20,58.4912280701762,22.93,5.19,0.295,0,0,1,0,0,1,20.5528391344705,FALSE,0.552839134470499
"452","300466.SZ","赛摩电气",2015-05-28,TRUE,15,45.5788514129444,22.99,5.46,0.3097,0,0,1,0,0,1,19.0168172770608,FALSE,4.01681727706076
"453","603023.SH","威帝股份",2015-05-27,TRUE,15,19.6078431372549,14.46,4.71,0.2644,0,0,1,0,1,0,16.7718887708756,FALSE,1.77188877087559
"454","603108.SH","润达医疗",2015-05-27,TRUE,15,22.4761904761904,22.97,8.89,0.2799,0,0,1,0,1,0,14.6731034491121,FALSE,-0.32689655088789
"455","603598.SH","引力传媒",2015-05-27,TRUE,19,43.8684210526309,22.96,3.98,0.1691,0,0,1,0,1,0,22.2304015767634,FALSE,3.23040157676343
"456","603885.SH","吉祥航空",2015-05-27,TRUE,17,28.813559322034,22.98,4.79,0.3059,0,0,1,0,1,0,17.749451003446,FALSE,0.749451003445984
"457","002757.SZ","南兴装备",2015-05-27,TRUE,15,18.5986394557822,22.98,6.11,0.3238,0,0,1,0,0,0,14.989511540022,FALSE,-0.0104884599780064
"458","002758.SZ","华通医药",2015-05-27,TRUE,15,25,22.98,8.93,0.2564,0,0,1,0,0,0,15.234166060288,FALSE,0.23416606028804
"459","300462.SZ","华铭智能",2015-05-27,TRUE,15,41,22.97,6.85,0.3549,0,0,1,0,0,1,17.0822302213664,FALSE,2.0822302213664
"460","300467.SZ","迅游科技",2015-05-27,TRUE,20,66.6666666666667,22.99,10.03,0.1967,0,0,1,0,0,1,19.1687547517687,FALSE,-0.831245248231319
"461","300468.SZ","四方精创",2015-05-27,TRUE,17,48.0769230769231,22.98,7.57,0.2715,0,0,1,0,0,1,18.202731795762,FALSE,1.20273179576195
"462","002753.SZ","永东股份",2015-05-19,TRUE,14,16.4666666666667,22.99,8.12,0.4134,0,0,1,0,0,0,12.8681558746031,TRUE,-1.13184412539694
"463","300461.SZ","田中精机",2015-05-19,TRUE,21,23.1666666666668,22.98,4.37,0.1236,0,0,1,0,0,1,19.3627601414093,TRUE,-1.63723985859073
"464","603022.SH","新通联",2015-05-18,TRUE,15,32.258064516129,22.98,3.41,0.3608,0,0,1,0,1,0,19.1117322307202,FALSE,4.11173223072015
"465","603311.SH","金海环境",2015-05-18,TRUE,21,18.2291666666666,22.99,2.55,0.2996,0,0,1,0,1,0,18.7427483996554,FALSE,-2.25725160034458
"466","603566.SH","普莱柯",2015-05-18,TRUE,15,9.95767986059248,18.89,7.77,0.5059,0,0,1,0,1,0,10.9632390336272,FALSE,-4.03676096637278
"467","603968.SH","醋化股份",2015-05-18,TRUE,14,18.6569343065694,22.98,9.6,0.5811,0,0,1,0,1,0,11.443751474837,FALSE,-2.55624852516298
"468","300450.SZ","先导智能",2015-05-18,TRUE,20,80.9523809523782,22.98,9.06,0.4745,0,0,1,0,0,1,17.2607367345217,FALSE,-2.73926326547828
"469","603227.SH","雪峰科技",2015-05-15,TRUE,21,23.8005780346823,22.95,2.49,0.2977,0,0,1,0,1,0,20.0419120066686,FALSE,-0.958087993331393
"470","603718.SH","海利生物",2015-05-15,TRUE,20,21.8743164276118,21.28,3.45,0.3078,0,0,1,0,1,0,18.0489382829642,FALSE,-1.95106171703576
"471","603989.SH","艾华集团",2015-05-15,TRUE,14,39.1144488774153,22.99,8.8,0.6409,0,0,1,0,1,0,13.3027252794246,FALSE,-0.697274720575351
"472","002755.SZ","东方新星",2015-05-15,TRUE,20,13.0048755452912,20.49,4.91,0.316,0,0,1,0,0,0,14.6574465702671,FALSE,-5.34255342973293
"473","002756.SZ","永兴特钢",2015-05-15,TRUE,14,11.5550830810474,17.97,13.51,0.4784,0,0,1,0,0,0,10.0788876654169,FALSE,-3.92111233458309
"474","300452.SZ","山河药辅",2015-05-15,TRUE,20,20.7365033964965,22.99,7.02,0.2958,0,0,1,0,0,1,15.1120489865642,FALSE,-4.8879510134358
"475","300453.SZ","三鑫医疗",2015-05-15,TRUE,17,24.825,22.98,6.05,0.4126,0,0,1,0,0,1,15.1704737494741,FALSE,-1.82952625052586
"476","300455.SZ","康拓红外",2015-05-15,TRUE,22,40.6976744186039,18.11,3.86,0.3459,0,0,1,0,0,1,19.7216656574617,FALSE,-2.27833434253832
"477","300458.SZ","全志科技",2015-05-15,TRUE,21,48.1927710843373,19.89,8.93,0.4332,0,0,1,0,0,1,15.8152135845747,FALSE,-5.18478641542528
"478","300459.SZ","金科娱乐",2015-05-15,TRUE,17,27.7283666422519,22.97,5.54,0.3281,0,0,1,0,0,1,16.7504462442772,FALSE,-0.249553755722751
"479","300460.SZ","惠伦晶体",2015-05-15,TRUE,17,29.1291707046935,22.96,3.62,0.3389,0,0,1,0,0,1,18.6610994857822,FALSE,1.6610994857822
"480","300451.SZ","创业软件",2015-05-14,TRUE,28,29.8245614035087,22.98,8.01,0.2018,0,0,1,0,0,1,16.8409890140832,FALSE,-11.1590109859168
"481","300456.SZ","耐威科技",2015-05-14,TRUE,21,27.272727272727,22.98,6.31,0.3864,0,0,1,0,0,1,15.5897847253327,FALSE,-5.41021527466731
"482","300457.SZ","赢合科技",2015-05-14,TRUE,18,67.2413793103442,20.34,5.86,0.3304,0,0,1,0,0,1,20.1401640161095,FALSE,2.14016401610946
"483","603355.SH","莱克电气",2015-05-13,TRUE,16,16.5991902834009,22.99,5.64,0.3951,0,0,1,0,1,0,14.2500525130096,FALSE,-1.74994748699038
"484","603599.SH","广信股份",2015-05-13,TRUE,16,12.3842105263159,20.62,11.11,0.3158,0,0,1,0,1,0,11.883381821042,FALSE,-4.11661817895796
"485","300414.SZ","中光防雷",2015-05-13,TRUE,19,24.5000000000001,13.24,7.09,0.2996,0,0,1,0,0,1,15.6152321909608,FALSE,-3.38476780903925
"486","600959.SH","江苏有线",2015-04-28,TRUE,21,23.7107055622852,22.98,3.95,1.239,0,0,1,0,1,0,9.94678666947132,FALSE,-11.0532133305287
"487","603789.SH","星光农机",2015-04-27,TRUE,7,16.8918918918919,21.19,5.15,0.6635,0,0,1,0,1,0,12.3711941813214,FALSE,5.37119418132137
"488","603315.SH","福鞍股份",2015-04-24,TRUE,8,8.19672131147541,22.91,5.83,0.4717,0,0,1,0,1,0,11.4966558877301,FALSE,3.49665588773006
"489","603318.SH","派思股份",2015-04-24,TRUE,23,9.09365558912369,22.97,2.38,0.3188,0,0,1,0,1,0,16.1042896174369,FALSE,-6.8957103825631
"490","603567.SH","珍宝岛",2015-04-24,TRUE,7,14.983758700696,22.91,8.28,0.8283,0,0,1,0,1,0,9.67829499174988,FALSE,2.67829499174988
"491","002751.SZ","易尚展示",2015-04-24,TRUE,27,5.41975308641964,22.98,5.75,0.3387,0,0,1,0,0,0,11.4190570994393,FALSE,-15.5809429005607
"492","300404.SZ","博济医药",2015-04-24,TRUE,26,11.7394366197182,22.98,6.1,0.3004,0,0,1,0,0,1,13.7188529658113,FALSE,-12.2811470341887
"493","300434.SZ","金石东方",2015-04-24,TRUE,25,11.9718309859155,22.98,5.43,0.4359,0,0,1,0,0,1,13.026471473874,FALSE,-11.973528526126
"494","300438.SZ","鹏辉能源",2015-04-24,TRUE,23,19.8113207547172,22.99,8.83,0.4541,0,0,1,0,0,1,12.8143593754087,FALSE,-10.1856406245913
"495","300442.SZ","普丽盛",2015-04-24,TRUE,7,11.9047619047619,22.55,4.68,0.6197,0,0,1,0,0,1,12.0281402274142,FALSE,5.02814022741419
"496","300445.SZ","康斯特",2015-04-24,TRUE,23,14.1666666666666,22.98,8.17,0.5176,0,0,1,0,0,1,11.6392070232211,FALSE,-11.3607929767789
"497","300448.SZ","浩云科技",2015-04-24,TRUE,25,22.9885057471264,22.88,6.59,0.4626,0,0,1,0,0,1,14.1544023376049,FALSE,-10.8455976623951
"498","603021.SH","山东华鹏",2015-04-23,TRUE,10,5.82781456953639,22.97,6.42,0.4677,0,0,1,0,1,0,10.4258256969624,FALSE,0.425825696962361
"499","603703.SH","盛洋科技",2015-04-23,TRUE,9,9.95670995670953,22.98,5.42,0.4511,0,0,1,0,1,0,12.3846711681924,FALSE,3.38467116819244
"500","603883.SH","老百姓",2015-04-23,TRUE,10,13.163064833006,22.52,7.41,0.5435,0,0,1,0,1,0,11.53590989601,FALSE,1.53590989601004
"501","300437.SZ","清水源",2015-04-23,TRUE,26,17.3958333333333,19.3,5.8,0.4973,0,0,1,0,0,1,13.4198025212896,FALSE,-12.5801974787104
"502","300440.SZ","运达科技",2015-04-23,TRUE,13,15.457657060837,22.97,9.66,0.6057,0,0,1,0,0,1,10.7858133170059,TRUE,-2.2141866829941
"503","300441.SZ","鲍斯股份",2015-04-23,TRUE,24,18.8571428571429,22.81,5.1,0.6846,0,0,1,0,0,1,12.5454363779813,FALSE,-11.4545636220187
"504","300444.SZ","双杰电气",2015-04-23,TRUE,9,13.6309881422925,22.89,5.55,0.7695,0,0,1,0,0,1,10.8344219177088,FALSE,1.83442191770884
"505","300446.SZ","乐凯新材",2015-04-23,TRUE,30,20.263157894737,7.11,5.78,0.4573,0,0,1,0,0,1,14.2516933263312,FALSE,-15.7483066736688
"506","603025.SH","大豪科技",2015-04-22,TRUE,9,7.82196592076782,22.98,3.19,0.6184,0,0,1,0,1,0,12.0237616950122,FALSE,3.02376169501221
"507","603808.SH","歌力思",2015-04-22,TRUE,7,7.30193501277839,22.96,8.66,0.804,0,0,1,0,1,0,8.26726822828697,FALSE,1.26726822828697
"508","603818.SH","曲美家居",2015-04-22,TRUE,9,12.104,22.99,4.71,0.5748,0,0,1,0,1,0,12.3968627479503,FALSE,3.39686274795034
"509","002752.SZ","N兴股份",2015-04-22,TRUE,23,7.55667506297248,22.96,3.03,0.5264,0,0,1,0,0,0,12.7950180872395,FALSE,-10.2049819127605
"510","300424.SZ","航新科技",2015-04-22,TRUE,25,14.6306068601583,21.63,5.41,0.4303,0,0,1,0,0,1,13.6880554316413,FALSE,-11.3119445683587
"511","300436.SZ","广生堂",2015-04-22,TRUE,25,14.1399858600141,18.67,5.94,0.3036,0,0,1,0,0,1,14.3698320344172,FALSE,-10.6301679655828
"512","300439.SZ","美康生物",2015-04-22,TRUE,18,15.7971014492754,22.98,9.93,0.5961,0,0,1,0,0,1,10.8308195767127,FALSE,-7.16918042328733
"513","300443.SZ","金雷风电",2015-04-22,TRUE,10,10.7238095238095,19.66,13.42,0.5403,0,0,1,0,0,1,9.55097366946682,TRUE,-0.449026330533178
"514","300447.SZ","全信股份",2015-04-22,TRUE,25,10.7142857142858,22.3,6,0.4324,0,0,1,0,0,1,12.4269600439842,FALSE,-12.5730399560158
"515","300449.SZ","汉邦高科",2015-04-22,TRUE,25,9.51612903225823,22.98,8.44,0.1956,0,0,1,0,0,1,12.9073540547621,FALSE,-12.0926459452379
"516","603199.SH","九华旅游",2015-03-26,TRUE,10,17.4088050314465,20.47,7.46,0.7221,0,0,1,0,1,0,10.9717257651757,FALSE,0.971725765175714
"517","603869.SH","北部湾旅",2015-03-26,TRUE,17,17.7245901639346,21.33,3.3,0.5262,0,0,1,0,1,0,15.1847826185191,FALSE,-1.81521738148088
"518","300435.SZ","中泰股份",2015-03-26,TRUE,12,10.4166666666667,18.09,6.61,0.1775,0,0,1,0,0,1,14.1396385553137,FALSE,2.13963855531371
"519","603020.SH","爱普股份",2015-03-25,TRUE,4,17.1673819742489,22.94,10.03,1.1603,0,0,1,0,1,0,7.74194393021619,FALSE,3.74194393021619
"520","603338.SH","浙江鼎力",2015-03-25,TRUE,4,7.85024154589343,21.34,12.37,0.3603,0,0,1,0,1,0,10.1612781794076,FALSE,6.1612781794076
"521","603729.SH","龙韵股份",2015-03-24,TRUE,12,14.6228070175438,22.55,13.82,0.538,0,0,1,0,1,0,10.1831266161191,FALSE,-1.81687338388093
"522","002750.SZ","龙津药业",2015-03-24,TRUE,9,9.15300546448118,22.99,8.5,0.6441,0,0,1,0,0,0,9.65500316123991,TRUE,0.655003161239906
"523","300429.SZ","强力新材",2015-03-24,TRUE,12,21.505376344086,18.67,6.5,0.7446,0,0,1,0,0,1,11.7330745705123,TRUE,-0.266925429487749
"524","300431.SZ","暴风集团",2015-03-24,TRUE,29,39.4736842105268,22.97,3.78,0.3432,0,0,1,0,0,1,19.7199419268158,FALSE,-9.28005807318423
"525","600958.SH","东方证券",2015-03-23,TRUE,5,41.735356106926,22.98,5.33,1.6235,0,0,1,0,1,0,8.26169839240244,FALSE,3.26169839240244
"526","603012.SH","创力集团",2015-03-20,TRUE,4,8.54077253218872,22.96,6.75,1.2202,0,0,1,0,1,0,7.01883636934372,FALSE,3.01883636934372
"527","603030.SH","全筑股份",2015-03-20,TRUE,11,12.6984126984127,22.91,4.88,0.8299,0,0,1,0,1,0,10.5955093693894,TRUE,-0.404490630610598
"528","603158.SH","腾龙股份",2015-03-20,TRUE,5,8.05740181268887,17.51,6.41,0.9024,0,0,1,0,1,0,8.55367948816661,FALSE,3.55367948816661
"529","002747.SZ","埃斯顿",2015-03-20,TRUE,21,10.6761565836299,22.67,3.6,0.3913,0,0,1,0,0,0,14.4277218677819,FALSE,-6.5722781322181
"530","002749.SZ","国光股份",2015-03-20,TRUE,6,6.60792951541865,16.47,10.1,0.6873,0,0,1,0,0,0,8.37427743908498,FALSE,2.37427743908498
"531","601689.SH","拓普集团",2015-03-19,TRUE,5,11.1616406141929,19.81,4.42,1.1352,0,0,1,0,1,0,8.71479830323004,FALSE,3.71479830323004
"532","603268.SH","松发股份",2015-03-19,TRUE,6,6.87499999999979,22.86,5.77,0.5891,0,0,1,0,1,0,10.2958665432329,FALSE,4.29586654323287
"533","603519.SH","立霸股份",2015-03-19,TRUE,6,10.3092783505155,20.13,7.39,0.5735,0,0,1,0,1,0,10.7230512747342,FALSE,4.72305127473418
"534","002748.SZ","世龙实业",2015-03-19,TRUE,6,5.56586270871975,22.96,7.73,0.6055,0,0,1,0,0,0,9.04958028675746,FALSE,3.04958028675746
"535","300374.SZ","恒通科技",2015-03-19,TRUE,6,8.60070671378127,22.94,6.9,0.6674,0,0,1,0,0,1,9.87228857053623,FALSE,3.87228857053623
"536","300428.SZ","四通新材",2015-03-19,TRUE,7,10.2893235533823,22.98,6.98,0.6603,0,0,1,0,0,1,10.2954956001511,FALSE,3.29549560015109
"537","300430.SZ","诚益通",2015-03-19,TRUE,9,18.3132530120481,22.89,9.18,0.5315,0,0,1,0,0,1,11.88294305128,FALSE,2.88294305127995
"538","300432.SZ","富临精工",2015-03-19,TRUE,9,14.2646569350008,12.86,6.46,0.5704,0,0,1,0,0,1,11.9436049277526,FALSE,2.94360492775257
"539","300433.SZ","蓝思科技",2015-03-18,TRUE,13,11.9857651245551,22.98,13.24,0.6557,0,0,1,0,0,1,9.14286414042771,FALSE,-3.85713585957229
"540","603015.SH","弘讯科技",2015-03-03,TRUE,5,11.9285714285715,22.97,5.02,0.7136,0,0,1,0,1,0,11.1565404881348,FALSE,6.15654048813478
"541","603309.SH","维力医疗",2015-03-02,TRUE,8,32.4675324675325,22.87,7.17,0.6096,0,0,1,0,1,0,13.673701138277,FALSE,5.67370113827704
"542","603997.SH","继峰股份",2015-03-02,TRUE,6,13.3928571428571,17.33,2.78,0.4551,0,0,1,0,1,0,15.5388954430631,FALSE,9.53889544306313
"543","603969.SH","银龙股份",2015-02-27,TRUE,5,12.2850122850123,22.61,6.99,1.1068,0,1,0,0,1,0,7.03944239168221,TRUE,2.03944239168221
"544","601198.SH","东兴证券",2015-02-26,TRUE,7,33.4896182183523,22.97,4.76,1.4416,0,1,0,0,1,0,7.86155792924679,FALSE,0.861557929246787
"545","603828.SH","柯利达",2015-02-26,TRUE,4,9.67741935483902,22.93,7.62,0.9563,0,1,0,0,1,0,7.17571769679096,FALSE,3.17571769679096
"546","603118.SH","共进股份",2015-02-25,TRUE,7,12.4172185430464,19.27,7.3,0.9299,0,1,0,0,1,0,7.79702685884083,FALSE,0.797026858840831
"547","603222.SH","济民制药",2015-02-17,TRUE,9,8.54700854700855,22.96,4.24,0.5392,0,1,0,0,1,0,10.4415594609003,FALSE,1.44155946090034
"548","603618.SH","杭电股份",2015-02-17,TRUE,6,6.50609756097552,22.84,6.64,1.1181,0,1,0,0,1,0,6.1343616101151,FALSE,0.134361610115103
"549","603898.SH","好莱客",2015-02-17,TRUE,8,12.8272251308901,19,7.73,0.9067,0,1,0,0,1,0,7.85843755030729,TRUE,-0.141562449692709
"550","603939.SH","益丰药房",2015-02-17,TRUE,6,9.33227567542345,22.93,8.22,0.9233,0,1,0,0,1,0,7.13244244772754,FALSE,1.13244244772754
"551","002742.SZ","三圣股份",2015-02-17,TRUE,5,5.5045871559632,19.59,11.32,1.0508,0,1,0,0,0,0,5.41034857503152,FALSE,0.410348575031516
"552","002743.SZ","富煌钢构",2015-02-17,TRUE,9,6.427966101695,22.91,5.93,0.7721,0,1,0,0,0,0,7.80386414642717,TRUE,-1.19613585357283
"553","002745.SZ","木林森",2015-02-17,TRUE,5,6.74242424242438,22.5,5.05,1.1371,0,1,0,0,0,0,6.53233476409749,FALSE,1.53233476409749
"554","300394.SZ","天孚通信",2015-02-17,TRUE,8,13.6071428571428,18.78,8.22,0.6138,0,1,0,0,0,1,9.41829743122563,FALSE,1.41829743122563
"555","300420.SZ","五洋科技",2015-02-17,TRUE,9,8.36820083682008,22.59,4.64,0.6833,0,1,0,0,0,1,9.29208718567088,FALSE,0.292087185670882
"556","300421.SZ","力星股份",2015-02-17,TRUE,8,16.3742690058478,22.83,4.79,0.889,0,1,0,0,0,1,9.43263220055408,FALSE,1.43263220055408
"557","300422.SZ","博世科",2015-02-17,TRUE,16,15.6565656565658,22.97,5.31,0.579,0,1,0,0,0,1,11.0496711519968,FALSE,-4.95032884800317
"558","300423.SZ","鲁亿通",2015-02-17,TRUE,8,13.4969325153374,22.89,4.6,0.9039,0,1,0,0,0,1,9.0361837569336,FALSE,1.0361837569336
"559","300426.SZ","唐德影视",2015-02-17,TRUE,11,21.7391304347826,22.96,9.56,0.5147,0,1,0,0,0,1,10.7312918757491,FALSE,-0.26870812425091
"560","300427.SZ","红相电力",2015-02-17,TRUE,8,13.355421686747,18.34,5.74,0.9551,0,1,0,0,0,1,8.27288094754432,TRUE,0.272880947544319
"561","002741.SZ","光华科技",2015-02-16,TRUE,7,5.671077504726,22.8,5.79,0.3979,0,1,0,0,0,0,9.63803109050218,FALSE,2.63803109050218
"562","002746.SZ","仙坛股份",2015-02-16,TRUE,10,6.88255613126072,22.96,6.12,0.3912,0,1,0,0,0,0,9.97395297652885,FALSE,-0.0260470234711541
"563","300425.SZ","环能科技",2015-02-16,TRUE,11,6.20689655172418,22.97,8.79,0.3782,0,1,0,0,0,1,8.99464104049729,TRUE,-2.00535895950271
"564","603799.SH","华友钴业",2015-01-29,TRUE,14,14.0215716486904,22.94,4.69,0.5343,0,1,0,0,1,0,11.423920551895,FALSE,-2.57607944810495
"565","603611.SH","诺力股份",2015-01-28,TRUE,7,7.40740740740741,21.36,9.52,0.755,0,1,0,0,1,0,7.25648869739524,TRUE,0.256488697395236
"566","603698.SH","航天工程",2015-01-28,TRUE,7,13.2102728731943,22.97,4.99,0.6081,0,1,0,0,1,0,10.6030454323824,FALSE,3.60304543238236
"567","603558.SH","健盛集团",2015-01-27,TRUE,6,5.6657223796034,22.92,8.4,0.6835,0,1,0,0,1,0,7.36441755914152,FALSE,1.36441755914152
"568","603899.SH","晨光文具",2015-01-27,TRUE,8,9.1743119266055,22.99,4.15,0.6903,0,1,0,0,1,0,9.70543936521749,TRUE,1.70543936521749
"569","002734.SZ","利民股份",2015-01-27,TRUE,8,5.85480093676815,22.98,7.14,0.7144,0,1,0,0,0,0,7.57127104696102,FALSE,-0.428728953038979
"570","603678.SH","火炬电子",2015-01-26,TRUE,9,8.94623655913948,15.04,5.66,0.6278,0,1,0,0,1,0,9.30377461519193,TRUE,0.303774615191934
"571","603686.SH","龙马环卫",2015-01-26,TRUE,9,10.5970576085921,21.23,6.48,0.5194,0,1,0,0,1,0,10.0063116334616,FALSE,1.00631163346157
"573","603600.SH","永艺股份",2015-01-23,TRUE,10,5.63063063063063,22.71,4.72,0.4525,0,1,0,0,1,0,9.7748572044284,TRUE,-0.225142795571603
"574","300415.SZ","伊之密",2015-01-23,TRUE,9,13.8248847926268,22.69,5.98,1.0835,0,1,0,0,0,1,7.61916806791051,FALSE,-1.38083193208949
"575","300417.SZ","南华仪器",2015-01-23,TRUE,10,10.9677419354839,22.65,7.7,0.7064,0,1,0,0,0,1,8.60424980400635,FALSE,-1.39575019599365
"576","601069.SH","西部黄金",2015-01-22,TRUE,13,9.80544747081683,22.31,2.5,0.7598,0,1,0,0,1,0,10.6735039384526,FALSE,-2.32649606154739
"577","603601.SH","再升科技",2015-01-22,TRUE,12,7.94392523364464,22.34,4.19,0.4407,0,1,0,0,1,0,10.9536207617483,FALSE,-1.0463792382517
"578","002739.SZ","万达院线",2015-01-22,TRUE,12,12.9032258064516,22.96,6.88,0.8622,0,1,0,0,0,0,8.32331847746206,FALSE,-3.67668152253794
"579","002740.SZ","爱迪尔",2015-01-22,TRUE,7,4.77099236641221,18.52,8.5,0.9416,0,1,0,0,0,0,6.01373919126457,TRUE,-0.986260808735428
"580","300416.SZ","苏试试验",2015-01-22,TRUE,11,12.8688524590164,22.96,5.87,0.4544,0,1,0,0,0,1,11.1515655038392,TRUE,0.151565503839226
"581","300419.SZ","浩丰科技",2015-01-22,TRUE,12,6.70529262417798,22.94,11.93,0.5602,0,1,0,0,0,1,7.58406818918095,FALSE,-4.41593181081905
"582","601021.SH","春秋航空",2015-01-21,TRUE,10,5.87889476778366,22.96,11.74,0.6524,0,1,0,0,1,0,6.9784416860299,FALSE,-3.0215583139701
"583","300364.SZ","中文在线",2015-01-21,TRUE,18,11.8110236220472,22.87,3.59,0.5285,0,1,0,0,0,1,11.7731350824148,FALSE,-6.22686491758522
"584","300413.SZ","快乐购",2015-01-21,TRUE,12,7.43099787685767,22.89,3.62,0.7856,0,1,0,0,0,1,9.01662305045218,TRUE,-2.98337694954782
"585","300418.SZ","昆仑万维",2015-01-21,TRUE,12,9.84528832630085,22.99,8.31,0.7703,0,1,0,0,0,1,7.92094269029452,FALSE,-4.07905730970548
"586","603788.SH","宁波高发",2015-01-20,TRUE,9,3.37614389085774,19.4,4.34,0.3117,0,1,0,0,1,0,9.70821851499437,FALSE,0.708218514994366
"587","603017.SH","中衡设计",2014-12-31,TRUE,3,4.73186119873824,22.88,12.75,0.5467,0,1,0,0,1,0,6.95744281587667,FALSE,3.95744281587667
"588","603889.SH","新澳股份",2014-12-31,TRUE,3,5.13570741097197,21.63,8.58,0.4283,0,1,0,0,1,0,8.40322355937101,FALSE,5.40322355937101
"589","300410.SZ","正业科技",2014-12-31,TRUE,8,7.38916256157654,22.96,6.12,0.4118,0,1,0,0,0,1,10.0052683985083,FALSE,2.00526839850833
"590","300411.SZ","金盾股份",2014-12-31,TRUE,6,11.0803324099723,22.92,5.89,0.4759,0,1,0,0,0,1,10.6297019222794,FALSE,4.62970192227939
"591","300412.SZ","迦南科技",2014-12-31,TRUE,8,12.2374429223744,22.78,6.18,0.4546,0,1,0,0,0,1,10.887258236846,FALSE,2.88725823684595
"592","603636.SH","南威软件",2014-12-30,TRUE,8,6.56167979002625,22.96,7.45,0.396,0,1,0,0,1,0,9.37764399651414,FALSE,1.37764399651414
"593","002737.SZ","葵花药业",2014-12-30,TRUE,4,2.76724791508718,22.97,14.24,0.638,0,1,0,0,0,0,5.66983618805855,FALSE,1.66983618805855
"594","002738.SZ","中矿资源",2014-12-30,TRUE,14,10.2389078498293,22.98,4.98,0.3962,0,1,0,0,0,0,11.4327958750694,FALSE,-2.56720412493065
"595","603588.SH","高能环境",2014-12-29,TRUE,5,5.37949400798937,22.79,10.07,0.4085,0,1,0,0,1,0,8.2680670259072,FALSE,3.2680670259072
"596","002736.SZ","国信证券",2014-12-29,TRUE,12,20.7074707377554,22.97,3.44,1.7972,0,1,0,0,0,0,6.11663660699981,FALSE,-5.88336339300019
"597","601226.SH","华电重工",2014-12-11,TRUE,6,11.9617224880383,22.22,4.35,0.6765,0,1,0,0,1,0,10.2733415281445,FALSE,4.2733415281445
"598","601969.SH","海南矿业",2014-12-09,TRUE,4,5.00191587820917,19.88,2.39,1.797,0,1,0,0,1,0,4.85521037735606,TRUE,0.855210377356063
"599","603998.SH","方盛制药",2014-12-05,TRUE,7,8.41358024691353,22.85,6.67,0.5128,0,1,0,0,1,0,9.47214542519599,TRUE,2.47214542519599
"600","002732.SZ","燕塘乳业",2014-12-05,TRUE,9,7.93346774193541,22.87,4.57,0.5398,0,1,0,0,0,0,10.0783818724686,TRUE,1.07838187246863
"601","603368.SH","柳州医药",2014-12-04,TRUE,6,12.2950819672132,19.71,9.55,0.4009,0,1,0,0,1,0,10.1363938111096,FALSE,4.13639381110964
"602","603518.SH","维格娜丝",2014-12-03,TRUE,5,7.70729166666655,22.3,7.91,0.6401,0,1,0,0,1,0,8.22890695545374,FALSE,3.22890695545374
"603","002733.SZ","雄韬股份",2014-12-03,TRUE,8,7.21868365180446,22.31,7.85,0.4968,0,1,0,0,0,0,8.88332259614634,TRUE,0.883322596146341
"604","002735.SZ","王子新材",2014-12-03,TRUE,11,5.55555555555556,22.51,5.22,0.327,0,1,0,0,0,0,10.2837789233646,FALSE,-0.716221076635444
"605","300407.SZ","凯发电气",2014-12-03,TRUE,7,8.54271356783932,22.8,10.19,0.4889,0,1,0,0,0,1,8.70117434206032,FALSE,1.70117434206032
"606","300408.SZ","三环集团",2014-12-03,TRUE,5,7.89022298456277,22.61,7.15,1.2311,0,1,0,0,0,1,5.86377147145242,FALSE,0.863771471452418
"607","300409.SZ","道氏技术",2014-12-03,TRUE,10,11.6906474820143,20.35,8.13,0.4474,0,1,0,0,0,1,10.1247981000172,TRUE,0.124798100017177
"608","603166.SH","福达股份",2014-11-27,TRUE,12,5.1479289940828,20,2.1,0.2985,0,1,0,0,1,0,12.8457986693108,FALSE,0.845798669310838
"609","603088.SH","宁波精达",2014-11-11,TRUE,16,9.1324200913242,22.91,5.42,0.448,0,1,0,0,1,0,10.5676400049287,FALSE,-5.43235999507134
"610","603011.SH","合锻智能",2014-11-07,TRUE,19,11.1386138613861,22.42,3.09,0.5472,0,1,0,0,1,0,11.9113845045899,FALSE,-7.08861549541011
"611","603019.SH","中科曙光",2014-11-06,TRUE,20,11.6459627329192,22.98,3.63,0.5242,0,1,0,0,1,0,11.7357039978318,FALSE,-8.26429600216818
"612","601015.SH","陕西黑猫",2014-11-05,TRUE,9,8.91530460624045,22.69,4.34,1.2774,0,1,0,0,1,0,6.61287811404692,FALSE,-2.38712188595308
"613","603988.SH","中电电机",2014-11-04,TRUE,10,4.93705257960997,21.97,7.32,0.4876,0,1,0,0,1,0,8.3430291148758,FALSE,-1.6569708851242
"614","002724.SZ","海洋王",2014-11-04,TRUE,10,7.92393026941363,22.77,3.5,0.5957,0,1,0,0,0,0,10.3835874136125,TRUE,0.383587413612455
"615","002731.SZ","萃华珠宝",2014-11-04,TRUE,11,7.0561797752809,17.28,6.49,0.6838,0,1,0,0,0,0,8.23769217144208,FALSE,-2.76230782855792
"616","603688.SH","石英股份",2014-10-31,TRUE,12,4.93786846471563,19.61,5.12,0.6864,0,1,0,0,1,0,8.04059945824537,FALSE,-3.95940054175463
"617","300403.SZ","地尔汉宇",2014-10-30,TRUE,11,7.18816067653295,21.99,7.99,0.6277,0,1,0,0,0,1,8.14367584302813,FALSE,-2.85632415697187
"618","300405.SZ","科隆精化",2014-10-30,TRUE,12,5.55555555555556,22.84,9.08,0.4761,0,1,0,0,0,1,8.18810051054919,FALSE,-3.81189948945081
"619","300406.SZ","九强生物",2014-10-30,TRUE,18,13.2764523667191,10.07,7.04,0.3003,0,1,0,0,0,1,11.8280237612464,FALSE,-6.17197623875364
"620","603606.SH","东方电缆",2014-10-15,TRUE,7,6.42417889344255,20.41,5.27,0.4901,0,1,0,0,1,0,9.5752530902534,TRUE,2.5752530902534
"621","603018.SH","中设集团",2014-10-13,TRUE,4,5.36082474226809,22.88,14.74,0.753,0,1,0,0,1,0,6.07301127553319,TRUE,2.07301127553319
"622","603010.SH","万盛股份",2014-10-10,TRUE,6,4.48028673835125,22.76,4.93,0.4921,0,1,0,0,1,0,8.96256708988655,FALSE,2.96256708988655
"623","603456.SH","九洲药业",2014-10-10,TRUE,5,5.12426035502962,22.36,7.34,0.7484,0,1,0,0,1,0,7.14502183571971,TRUE,2.14502183571971
"624","300400.SZ","劲拓股份",2014-10-10,TRUE,11,4.87792980659008,21.11,4.09,0.6971,0,1,0,0,0,1,8.41314352640292,TRUE,-2.58685647359708
"625","300402.SZ","宝色股份",2014-10-10,TRUE,11,5.28491932726096,20.66,3.35,0.5778,0,1,0,0,0,1,9.68802992628991,TRUE,-1.31197007371009
"626","603169.SH","兰石重装",2014-10-09,TRUE,23,5.11247443762781,21.73,1.59,0.614,0,1,0,0,1,0,11.2726640724048,FALSE,-11.7273359275952
"627","002730.SZ","电光科技",2014-10-09,TRUE,7,3.9728713665074,19.59,5.2,0.455,0,1,0,0,0,0,8.81238828944119,FALSE,1.81238828944119
"628","300398.SZ","飞凯材料",2014-10-09,TRUE,7,6.00600600600601,22.84,7.4,0.5175,0,1,0,0,0,1,8.53556358935225,FALSE,1.53556358935225
"629","300399.SZ","京天利",2014-10-09,TRUE,12,7.87339579560664,20.35,5.57,0.389,0,1,0,0,0,1,10.5335582113685,FALSE,-1.46644178863152
"630","300401.SZ","花园生物",2014-10-09,TRUE,12,4.902807775378,21.1,7.56,0.4021,0,1,0,0,0,1,8.7176298979565,FALSE,-3.2823701020435
"631","600917.SH","重庆燃气",2014-09-30,TRUE,8,3.46397246585986,19.12,1.99,0.8767,0,1,0,0,1,0,8.2993659222809,FALSE,0.299365922280899
"632","601016.SH","节能风电",2014-09-29,TRUE,11,4.4740285886854,22.06,1.75,0.7042,0,1,0,0,1,0,10.1018215523415,TRUE,-0.898178447658536
"633","603306.SH","华懋科技",2014-09-26,TRUE,6,3.17892824704812,19.24,5.91,0.2977,0,1,0,0,1,0,8.96151509612421,FALSE,2.96151509612421
"634","002729.SZ","好利来",2014-09-12,TRUE,8,3.46417445482868,19.29,5.29,0.3746,0,1,0,0,0,0,8.94683884790265,TRUE,0.946838847902654
"635","300393.SZ","中来股份",2014-09-12,TRUE,6,7.40752420295813,20.95,5.77,0.5842,0,1,0,0,0,1,9.11981258282517,FALSE,3.11981258282517
"636","300392.SZ","腾信股份",2014-09-10,TRUE,11,5.03841793676785,22.7,10.56,0.6665,0,1,0,0,0,1,6.85586616296314,FALSE,-4.14413383703686
"637","300395.SZ","菲利华",2014-09-10,TRUE,7,6.23076923076938,18.94,9.44,0.6624,0,1,0,0,0,1,7.409698814664,TRUE,0.409698814664
"638","300396.SZ","迪瑞医疗",2014-09-10,TRUE,7,4.96440129449832,20.8,14.07,0.7653,0,1,0,0,0,1,5.99076442398309,FALSE,-1.00923557601691
"639","300397.SZ","天和防务",2014-09-10,TRUE,13,8.54700854700855,20.73,10.01,0.5929,0,1,0,0,0,1,8.19089346403961,FALSE,-4.80910653596039
"640","603188.SH","亚邦股份",2014-09-09,TRUE,5,3.84410037373196,22.75,8.62,1.2142,0,1,0,0,1,0,4.81588202534966,TRUE,-0.184117974650335
"641","603806.SH","福斯特",2014-09-05,TRUE,4,2.42523211492365,22.28,8.92,1.5161,0,1,0,0,1,0,3.5663082882219,TRUE,-0.433691711778104
"642","601579.SH","会稽山",2014-08-25,TRUE,9,3.86413694501333,14.42,3.31,0.4914,0,1,0,0,1,0,9.55668530947007,FALSE,0.556685309470065
"643","603099.SH","长白山",2014-08-22,TRUE,11,2.76640152033827,20.25,2.67,0.3683,0,1,0,0,1,0,10.0861573014612,TRUE,-0.913842698538838
"644","603609.SH","禾丰牧业",2014-08-08,TRUE,5,2.87873335732278,21.78,3.87,0.5112,0,1,0,0,1,0,8.50403587268896,FALSE,3.50403587268896
"645","603100.SH","川仪股份",2014-08-05,TRUE,6,4.09336138650337,21,4.09,0.8948,0,1,0,0,1,0,7.14897392017018,TRUE,1.14897392017018
"646","603111.SH","康尼机电",2014-08-01,TRUE,7,3.85394456289975,18.62,3.04,0.6514,0,1,0,0,1,0,8.82461307930017,TRUE,1.82461307930017
"647","300384.SZ","三联虹普",2014-08-01,TRUE,7,3.04218928164197,20.97,11.62,0.6193,0,1,0,0,0,1,6.15757599017349,FALSE,-0.842424009826506
"648","300388.SZ","国祯环保",2014-08-01,TRUE,8,4.14264520854075,18.55,8.04,0.4768,0,1,0,0,0,1,7.89175556103083,TRUE,-0.108244438969168
"649","300389.SZ","艾比森",2014-08-01,TRUE,10,4.8190143916268,13.16,7.74,0.7246,0,1,0,0,0,1,7.06048535928878,FALSE,-2.93951464071122
"650","300391.SZ","康跃科技",2014-08-01,TRUE,3,3.18081208975734,20.5,5.04,0.8369,0,1,0,0,0,1,6.65545042438408,FALSE,3.65545042438408
"651","603126.SH","中材节能",2014-07-31,TRUE,10,2.69879127885598,21.63,3.14,0.85,0,1,0,0,1,0,7.13878095524085,FALSE,-2.86121904475915
"652","002728.SZ","特一药业",2014-07-31,TRUE,8,2.80265916301387,17.5,6.72,0.3773,0,1,0,0,0,0,8.03354682905257,FALSE,0.0335468290525736
"653","300390.SZ","天华超净",2014-07-31,TRUE,10,5.3170432052421,18.29,3.82,0.2995,0,1,0,0,0,1,11.177630012991,FALSE,1.17763001299101
"654","603009.SH","北特科技",2014-07-18,TRUE,11,3.31716417910446,19.47,3.75,0.2809,0,1,0,0,1,0,10.2146064807639,FALSE,-0.785393519236113
"655","603369.SH","今世缘",2014-07-03,TRUE,3,1.30923134471707,12.54,6.19,1.0594,0,1,0,0,1,0,4.51188516457793,TRUE,1.51188516457793
"656","603168.SH","莎普爱思",2014-07-02,TRUE,10,3.79908627906972,14.05,10.1,0.7623,0,1,0,0,1,0,6.12651770496853,FALSE,-3.87348229503147
"657","002727.SZ","一心堂",2014-07-02,TRUE,9,3.37333664967049,13.45,6.9,0.6221,0,1,0,0,0,0,7.14323509980811,FALSE,-1.85676490019189
"658","300387.SZ","富邦股份",2014-07-02,TRUE,9,2.09077740222116,23.01,8.53,0.71,0,1,0,0,0,1,5.7659889796639,FALSE,-3.2340110203361
"659","603328.SH","依顿电子",2014-07-01,TRUE,5,1.19826012629662,23.2,7.43,1.7008,0,1,0,0,1,0,2.83516821168356,FALSE,-2.16483178831644
"660","603006.SH","联明股份",2014-06-30,TRUE,8,1.66548694674605,13.43,6.29,0.4365,0,1,0,0,1,0,6.99811935413217,FALSE,-1.00188064586783
"661","002726.SZ","龙大肉食",2014-06-26,TRUE,7,0.369210083851748,19.58,6.4,0.8325,0,1,0,0,0,0,3.87759116050117,FALSE,-3.12240883949883
"662","300385.SZ","雪浪环境",2014-06-26,TRUE,11,0.792810791740497,22.17,7.55,0.4577,0,1,0,0,0,1,5.58922608559931,FALSE,-5.41077391440069
"663","300386.SZ","飞天诚信",2014-06-26,TRUE,5,0.94472798349444,16.57,11.84,0.5442,0,1,0,0,0,1,4.93683936758106,TRUE,-0.063160632418942
"664","002713.SZ","东易日盛",2014-02-19,TRUE,5,0.45813287711047,38.32,6.31,0.6491,1,0,0,0,0,0,4.96720281659852,TRUE,-0.0327971834014837
"665","002715.SZ","登云股份",2014-02-19,TRUE,5,0.50923035367154,26.52,5.02,0.4562,1,0,0,0,0,0,6.06620225449614,FALSE,1.06620225449614
"666","002717.SZ","岭南园林",2014-02-19,TRUE,5,0.613721823352372,23.34,6.83,0.5774,1,0,0,0,0,0,5.44185090028103,FALSE,0.441850900281027
"668","603005.SH","晶方科技",2014-02-10,TRUE,6,0.151369458614889,33.76,5.9,1.3187,1,0,0,0,1,0,2.59125560251266,FALSE,-3.40874439748734
"669","002723.SZ","金莱特",2014-01-29,TRUE,1,0.1562867081334,22.3,6.4,2.0977,1,0,0,0,0,0,1.57376776802015,TRUE,0.573767768020149
"670","002725.SZ","跃岭股份",2014-01-29,TRUE,1,0.0618948080406802,16.52,7.74,1.7673,1,0,0,0,0,0,1.49901174585396,FALSE,0.49901174585396
"671","300363.SZ","博腾股份",2014-01-29,TRUE,4,0.30274279416601,34.26,6.01,1.5543,1,0,0,0,0,1,2.60303066318642,TRUE,-1.39696933681358
"672","300367.SZ","东方网力",2014-01-29,TRUE,2,0.344910502733012,37.75,9.67,2.2305,1,0,0,0,0,1,1.56558655558948,FALSE,-0.434413444410524
"673","300369.SZ","绿盟科技",2014-01-29,TRUE,4,0.584026663647601,37.96,8.53,2.0278,1,0,0,0,0,1,2.06234966939384,FALSE,-1.93765033060616
"674","300382.SZ","斯莱克",2014-01-29,TRUE,1,0.383051722103426,22.29,9.4,1.6466,1,0,0,0,0,1,2.32353183973753,TRUE,1.32353183973753
"675","300383.SZ","光环新网",2014-01-29,TRUE,4,0.273663521224218,37.79,10.69,1.5408,1,0,0,0,0,1,2.23016802522522,FALSE,-1.76983197477478
"677","002714.SZ","牧原股份",2014-01-28,TRUE,1,0.421541979658685,18.8,7.01,2.5813,1,0,0,0,0,0,1.42320714877922,FALSE,0.423207148779222
"678","002716.SZ","金贵银业",2014-01-28,TRUE,1,0.154591252496913,23.26,7.3,2.5636,1,0,0,0,0,0,1.13686003360556,FALSE,0.136860033605556
"679","002718.SZ","友邦吊顶",2014-01-28,TRUE,2,0.108452237551795,24.58,7.47,2.0954,1,0,0,0,0,0,1.39793586316942,TRUE,-0.602064136830583
"680","002719.SZ","麦趣尔",2014-01-28,TRUE,1,0.0995628798280389,39.64,6.29,2.2275,1,0,0,0,0,0,1.31680417044527,FALSE,0.316804170445266
"681","002722.SZ","金轮股份",2014-01-28,TRUE,2,0.176230677564994,19.41,3.82,2.0328,1,0,0,0,0,0,1.90926004108324,FALSE,-0.0907399589167632
"682","300379.SZ","东方通",2014-01-28,TRUE,3,0.336430227264408,30.27,5.21,1.0426,1,0,0,0,0,1,3.79807894997484,TRUE,0.798078949974844
"683","300380.SZ","安硕信息",2014-01-28,TRUE,2,0.587806605468176,40.06,5.25,1.8756,1,0,0,0,0,1,2.55614518731796,TRUE,0.556145187317962
"684","300381.SZ","溢多利",2014-01-28,TRUE,2,0.209451858084932,23.83,9.52,1.7344,1,0,0,0,0,1,1.91424865075417,FALSE,-0.0857513492458251
"685","002711.SZ","欧浦智网",2014-01-27,TRUE,2,0.174169010423919,25.23,7.33,2.0434,1,0,0,0,0,0,1.61395372775218,FALSE,-0.386046272247821
"686","002721.SZ","金一文化",2014-01-27,TRUE,2,0.216118219573527,25.73,4.96,1.1977,1,0,0,0,0,0,3.15843764609725,TRUE,1.15843764609725
"687","300366.SZ","创意信息",2014-01-27,TRUE,3,0.417510454198777,27.08,5.27,1.0797,1,0,0,0,0,1,3.88515283880518,TRUE,0.885152838805182
"688","300372.SZ","欣泰电气",2014-01-27,TRUE,2,0.0534111799101233,25.48,6.83,1.4487,1,0,0,0,0,1,1.82372148064902,FALSE,-0.176278519350983
"689","300375.SZ","鹏翎股份",2014-01-27,TRUE,1,0.0489423923790955,24.17,8.05,1.8911,1,0,0,0,0,1,1.30361668752858,FALSE,0.303616687528575
"690","300376.SZ","易事特",2014-01-27,TRUE,4,0.337918398517327,14.51,9.5,1.6172,1,0,0,0,0,1,2.29477273816716,FALSE,-1.70522726183284
"691","300377.SZ","赢时胜",2014-01-27,TRUE,2,0.403208198081486,33.1,6.43,2.4214,1,0,0,0,0,1,1.58996214067975,FALSE,-0.41003785932025
"692","300378.SZ","鼎捷软件",2014-01-27,TRUE,2,0.156131762717191,27.37,9.27,2.591,1,0,0,0,0,1,1.056758098546,TRUE,-0.943241901454005
"693","603555.SH","贵人鸟",2014-01-24,TRUE,1,0.0122132621096141,12.89,3.39,2.287,1,0,0,0,1,0,0.919738016425651,FALSE,-0.0802619835743494
"694","002707.SZ","众信旅游",2014-01-23,TRUE,4,0.17120109756642,22.05,6.58,1.0828,1,0,0,0,0,0,3.00558023645961,TRUE,-0.994419763540394
"695","002709.SZ","天赐材料",2014-01-23,TRUE,3,0.050798063649696,28.08,6.36,1.2837,1,0,0,0,0,0,2.03380024218384,TRUE,-0.966199757816165
"696","002712.SZ","思美传媒",2014-01-23,TRUE,4,0.118363204537005,24.06,8.66,1.1473,1,0,0,0,0,0,2.48489323076948,FALSE,-1.51510676923052
"697","300365.SZ","恒华科技",2014-01-23,TRUE,1,0.12713113028836,42.16,8.76,2.0491,1,0,0,0,0,1,1.43454748067418,TRUE,0.434547480674185
"698","300368.SZ","汇金股份",2014-01-23,TRUE,4,0.101370250664556,21.33,7.57,1.2869,1,0,0,0,0,1,2.27279824351277,FALSE,-1.72720175648723
"699","300370.SZ","安控科技",2014-01-23,TRUE,2,0.115472648006745,39.54,7.13,2.1044,1,0,0,0,0,1,1.42596534386553,FALSE,-0.574034656134469
"700","300371.SZ","汇中股份",2014-01-23,TRUE,1,0.294871448334839,39.11,7.71,2.4896,1,0,0,0,0,1,1.3586521443816,FALSE,0.358652144381601
"701","300373.SZ","扬杰科技",2014-01-23,TRUE,4,0.0870509954027757,26.53,6.88,1.3831,1,0,0,0,0,1,2.11698122817012,FALSE,-1.88301877182988
"703","002705.SZ","新宝股份",2014-01-21,TRUE,1,0.145279875946278,30.08,4.39,1.0491,1,0,0,0,0,0,3.26457703467,FALSE,2.26457703467
"704","002706.SZ","良信电器",2014-01-21,TRUE,1,0.0958722842306158,24.64,8.27,1.4258,1,0,0,0,0,0,2.01425375673279,TRUE,1.01425375673279
"705","002708.SZ","光洋股份",2014-01-21,TRUE,1,0.140094141575257,28.29,6.22,1.8326,1,0,0,0,0,0,1.8243202137271,TRUE,0.824320213727096
"706","300357.SZ","我武生物",2014-01-21,TRUE,4,0.0771854722574018,39.31,4.02,0.5684,1,0,0,0,0,1,3.90453719530774,FALSE,-0.0954628046922554
"707","300358.SZ","楚天科技",2014-01-21,TRUE,1,0.124212606517656,31.5,8.7,1.4026,1,0,0,0,0,1,2.13971663203556,TRUE,1.13971663203556
"708","300359.SZ","全通教育",2014-01-21,TRUE,2,0.0997325576628587,51.37,4.91,1.6787,1,0,0,0,0,1,1.97062046464216,FALSE,-0.029379535357843
"710","300362.SZ","天翔环境",2014-01-21,TRUE,3,0.0460364085295964,41.38,5.68,1.2328,1,0,0,0,0,1,2.11077481181632,TRUE,-0.889225188183681
