"","Code","Name","IPO_Date","Forty4","Days","FirstHslRe","PE","APS","Rate"
"137","603239.SH","浙江仙通","2016-12-30",TRUE,6,17.3218673218672,22.99,8.67,0.0281
"138","603929.SH","亚翔集成","2016-12-30",TRUE,15,21.6154905614517,13.35,3.52,0.038
"139","002836.SZ","新宏泽","2016-12-29",TRUE,14,38.5282219225583,17.74,4.68,0.0136
"140","002837.SZ","英维克","2016-12-29",TRUE,9,23.8095238095238,22.22,7.02,0.0137
"141","300585.SZ","奥联电子","2016-12-29",TRUE,13,44.4444444444444,20.74,4.93,0.0151
"142","603218.SH","日月股份","2016-12-28",TRUE,5,12.6387176325524,22.99,6.02,0.0396
"143","603886.SH","元祖股份","2016-12-28",TRUE,10,36.0753081594611,22.98,4.2,0.0405
"144","002833.SZ","弘亚数控","2016-12-28",TRUE,12,29.3506950554283,15.56,4.9,0.026
"145","002835.SZ","同为股份","2016-12-28",TRUE,10,27.2589601211511,22.98,5.61,0.0244
"146","300582.SZ","英飞特","2016-12-28",TRUE,9,25.8661232168052,22.98,6.39,0.0291
"147","603298.SH","杭叉集团","2016-12-27",TRUE,6,22.3206696716033,22.97,4.89,0.0575
"148","600996.SH","贵广网络","2016-12-26",TRUE,6,26.6836086404069,22.99,3.58,0.0973
"149","603058.SH","永吉股份","2016-12-23",TRUE,14,32.4307692307689,22.96,1.73,0.0409
"150","002832.SZ","比音勒芬","2016-12-23",TRUE,6,14.7282968853545,22.99,11.78,0.0243
"151","300579.SZ","数字认证","2016-12-23",TRUE,12,21.2765957446809,22.99,5.47,0.0151
"152","603577.SH","汇金通","2016-12-22",TRUE,10,20.179806362379,22.98,6.83,0.0298
"153","603416.SH","信捷电气","2016-12-21",TRUE,9,38.6153846153853,22.98,7.31,0.0272
"154","300577.SZ","开润股份","2016-12-21",TRUE,10,17.5473684210527,22.99,7.78,0.014
"155","603823.SH","百合花","2016-12-20",TRUE,11,34.2596117244003,22.08,4.89,0.0314
"156","300575.SZ","中旗股份","2016-12-20",TRUE,8,34.6226415094339,18.12,11.83,0.0147
"157","300576.SZ","容大感光","2016-12-20",TRUE,15,23.8095238095238,22.99,4.5,0.015
"158","300581.SZ","晨曦航空","2016-12-20",TRUE,13,43.4615384615387,22.99,10.28,0.0123
"159","603878.SH","武进不锈","2016-12-19",TRUE,7,18.1622010429779,22.98,9.47,0.0371
"160","603098.SH","森特股份","2016-12-16",TRUE,8,23.6484697158857,22.98,3.67,0.0483
"161","002831.SZ","裕同科技","2016-12-16",TRUE,5,13.2448358050848,22.99,6.03,0.0329
"162","603389.SH","亚振家居","2016-12-15",TRUE,9,33.7355967712121,22.97,3.7,0.0392
"163","603585.SH","苏利股份","2016-12-14",TRUE,8,30.0120048019208,22.99,12.86,0.0274
"164","603708.SH","家家悦","2016-12-13",TRUE,8,25.6410256410256,21.65,6.26,0.0511
"165","002829.SZ","星网宇达","2016-12-13",TRUE,12,23.1707317073171,22.99,8.36,0.0134
"166","002830.SZ","名雕股份","2016-12-13",TRUE,11,24.8805970149257,22.96,7.91,0.0126
"167","300571.SZ","平治信息","2016-12-13",TRUE,20,43.4782608695652,22.97,5.67,0.0117
"168","603928.SH","兴业股份","2016-12-12",TRUE,9,21.8987616771668,19.06,4.92,0.0369
"169","603036.SH","如通股份","2016-12-09",TRUE,11,27.7814207650272,22.95,4.61,0.037
"170","002826.SZ","易明医药","2016-12-09",TRUE,14,35.7476635514023,22.98,2.77,0.0305
"171","002827.SZ","高争民爆","2016-12-09",TRUE,11,23.3858668022371,22.97,3.69,0.0303
"172","603990.SH","麦迪科技","2016-12-08",TRUE,15,39.2156862745098,22.99,4.48,0.0166
"173","002828.SZ","贝肯能源","2016-12-08",TRUE,11,32.530254246697,22.97,6.71,0.0251
"174","300573.SZ","兴齐眼药","2016-12-08",TRUE,21,38.7296669248644,22.97,6.01,0.0151
"175","603033.SH","三维股份","2016-12-07",TRUE,10,23.3948263423686,18.09,11.83,0.0291
"176","600909.SH","华安证券","2016-12-06",TRUE,6,23.7984037220703,12.44,3.18,0.2695
"177","300570.SZ","太辰光","2016-12-06",TRUE,10,47.7845923709799,22.99,8.11,0.0308
"178","300572.SZ","安车检测","2016-12-06",TRUE,14,30.5087847730598,22.98,6.84,0.0142
"179","603559.SH","中通国脉","2016-12-02",TRUE,16,84.6153846153833,22.98,5.48,0.0347
"180","603660.SH","苏州科达","2016-12-01",TRUE,14,49.0196078431373,17.55,3.93,0.0341
"181","300568.SZ","星源材质","2016-12-01",TRUE,12,47.8087649402383,22.99,9.74,0.028
"182","603319.SH","湘油泵","2016-11-30",TRUE,15,27.0563060050824,22.98,6.68,0.028
"183","603323.SH","吴江银行","2016-11-29",TRUE,8,14.4220819536424,12.62,6.79,0.0671
"184","002822.SZ","中装建设","2016-11-29",TRUE,11,26.2091137824991,21.35,5.91,0.0391
"185","002825.SZ","纳尔股份","2016-11-29",TRUE,16,30.6899091578689,18.62,5.16,0.0237
"186","603819.SH","神力股份","2016-11-25",TRUE,15,20.8362272537854,22.98,5.76,0.036
"187","300569.SZ","天能重工","2016-11-25",TRUE,10,23.3789544536682,20.08,17.23,0.0261
"188","603336.SH","宏辉果蔬","2016-11-24",TRUE,14,53.7903225806456,20.68,5.31,0.0336
"189","002823.SZ","凯中精密","2016-11-24",TRUE,12,37.1134020618563,22.97,6.28,0.0278
"190","603900.SH","通灵珠宝","2016-11-23",TRUE,10,29.0625717017211,19.52,7.95,0.0433
"191","603727.SH","博迈科","2016-11-22",TRUE,9,24.825544512582,22.99,9.62,0.0424
"192","300565.SZ","科信技术","2016-11-22",TRUE,14,33.8896890621029,22.98,4.31,0.0335
"193","300567.SZ","精测电子","2016-11-22",TRUE,14,30.7692307692308,22.99,7.92,0.016
"194","603987.SH","康德莱","2016-11-21",TRUE,14,43.8333333333329,22.99,5.16,0.0415
"195","603858.SH","步长制药","2016-11-18",TRUE,7,19.8871730582937,22.99,16.76,0.0546
"196","002820.SZ","桂发祥","2016-11-18",TRUE,11,21.1920529801325,22.99,7.31,0.0268
"197","002821.SZ","凯莱英","2016-11-18",TRUE,13,27.2184523809526,22.95,15.39,0.0212
"198","603633.SH","徕木股份","2016-11-17",TRUE,18,29.0668469860899,22.98,5.33,0.0313
"199","300561.SZ","汇金科技","2016-11-17",TRUE,15,38.8888888888885,22.99,10.18,0.0142
"200","601229.SH","上海银行","2016-11-16",TRUE,2,11.8022482157563,8.26,17.74,0.2301
"201","300562.SZ","乐心医疗","2016-11-16",TRUE,18,31.4893617021274,22.99,7.82,0.0142
"202","300566.SZ","激智科技","2016-11-15",TRUE,14,34.3103448275863,22.98,6.39,0.0166
"203","300563.SZ","神宇股份","2016-11-14",TRUE,20,35.7142857142857,22.99,4.85,0.0165
"204","603977.SH","国泰集团","2016-11-11",TRUE,16,61.2249418540275,14.81,4.26,0.0447
"205","002819.SZ","东方中科","2016-11-11",TRUE,21,30.8043478260865,22.95,3.57,0.0272
"206","603556.SH","海兴电力","2016-11-10",TRUE,7,30.4019282131462,21.32,10.4,0.0579
"207","603060.SH","国检集团","2016-11-09",TRUE,14,34.3750000000001,22.97,3.89,0.0432
"208","002818.SZ","富森美","2016-11-09",TRUE,11,25.8443465491922,22.99,8.05,0.0378
"209","603203.SH","快克股份","2016-11-08",TRUE,15,28.3915565979507,21.04,6.6,0.03
"210","601882.SH","海天精工","2016-11-07",TRUE,29,37.1847841572879,22.98,1.98,0.0496
"211","300558.SZ","贝达药业","2016-11-07",TRUE,15,86.0621326616285,22.99,2.75,0.0415
"212","300556.SZ","丝路视觉","2016-11-04",TRUE,26,52.3441913010721,22.99,3.45,0.03
"213","300557.SZ","理工光科","2016-11-01",TRUE,19,34.6620450606586,22.99,7.58,0.0147
"214","300559.SZ","佳发安泰","2016-11-01",TRUE,14,45.0000000000004,22.99,7.25,0.0161
"215","300560.SZ","中富通","2016-11-01",TRUE,19,27.3906250000002,22.99,5.88,0.0159
"216","603716.SH","塞力斯","2016-10-31",TRUE,14,20.8852459016392,22.98,15.4,0.0156
"217","603888.SH","新华网","2016-10-28",TRUE,13,26.3895342688633,22.99,12.14,0.0429
"218","600926.SH","杭州银行","2016-10-27",TRUE,4,6.89076913356661,10.23,14.32,0.128
"219","603258.SH","电魂网络","2016-10-26",TRUE,15,18.5093780848962,18.16,5.96,0.0454
"220","603667.SH","五洲新春","2016-10-25",TRUE,15,26.7724867724871,22.96,5.23,0.0423
"221","002816.SZ","和科达","2016-10-25",TRUE,17,26.8039026482256,22.98,4.93,0.0257
"222","002817.SZ","黄山胶囊","2016-10-25",TRUE,15,17.7056949097149,22.98,7.03,0.0247
"223","603859.SH","能科股份","2016-10-21",TRUE,18,27.5230247212797,22.97,5.36,0.0332
"224","300552.SZ","万集科技","2016-10-21",TRUE,17,27.7748881722668,20.91,6.3,0.03
"225","300553.SZ","集智股份","2016-10-21",TRUE,19,37.2323921811981,22.99,6.21,0.0137
"226","300550.SZ","和仁科技","2016-10-18",TRUE,19,30.3030303030303,22.99,5.54,0.0174
"227","300551.SZ","古鳌科技","2016-10-18",TRUE,19,34.6415094339625,22.88,6.49,0.0168
"228","300555.SZ","路通视信","2016-10-18",TRUE,15,23.5294117647059,22.99,7.16,0.0172
"229","603160.SH","汇顶科技","2016-10-17",TRUE,20,31.0344827586209,22.99,4.37,0.0485
"230","603816.SH","顾家家居","2016-10-14",TRUE,5,13.6129628407366,22.99,7.57,0.0647
"231","603313.SH","梦百合","2016-10-13",TRUE,7,19.7271083347031,22.66,6.44,0.0461
"232","603777.SH","来伊份","2016-10-12",TRUE,14,16.8600893584735,22.99,7.53,0.046
"233","002813.SZ","路畅科技","2016-10-12",TRUE,22,28.4225485551874,22.97,5.39,0.0277
"234","002815.SZ","崇达技术","2016-10-12",TRUE,8,24.9887550602229,22.98,4.43,0.0401
"235","300548.SZ","博创科技","2016-10-12",TRUE,19,31.0873815611366,22.97,6.01,0.0283
"236","603421.SH","鼎信通讯","2016-10-11",TRUE,9,23.2520760782214,22.99,3.94,0.0458
"237","603887.SH","城地股份","2016-10-10",TRUE,16,27.5290957923004,22.97,6.8,0.0331
"238","601128.SH","常熟银行","2016-09-30",TRUE,7,20.1208300066081,9.89,4.26,0.1152
"239","300547.SZ","川环科技","2016-09-30",TRUE,13,26.6298539365871,22.99,9.81,0.0154
"240","300549.SZ","优德精密","2016-09-30",TRUE,16,72.4782608695632,22.99,6.07,0.016
"241","603738.SH","泰晶科技","2016-09-28",TRUE,14,29.7857142857139,22.99,7.53,0.0186
"242","300545.SZ","联得装备","2016-09-28",TRUE,18,43.4878048780485,22.98,6.17,0.0174
"243","300546.SZ","雄帝科技","2016-09-28",TRUE,18,36.054054054054,22.99,9.65,0.0148
"244","600908.SH","无锡银行","2016-09-23",TRUE,8,26.7780633476292,9.91,4.45,0.1021
"245","300536.SZ","农尚环境","2016-09-20",TRUE,15,142.365969418961,18.12,4.7,0.0296
"246","300542.SZ","新晨科技","2016-09-20",TRUE,19,45.0909818036387,22.98,5.92,0.0297
"247","601500.SH","通用股份","2016-09-19",TRUE,9,27.4654301505804,22.98,3.3,0.0974
"248","603189.SH","网达软件","2016-09-14",TRUE,16,28.3076923076921,22.97,3.31,0.045
"249","002812.SZ","创新股份","2016-09-14",TRUE,8,27.1951912923398,22.99,11.07,0.0305
"250","603067.SH","振华股份","2016-09-13",TRUE,12,28.7596737084293,22.98,4.61,0.0448
"251","300534.SZ","陇神戎发","2016-09-13",TRUE,12,28.2418871367132,22.99,7.55,0.0292
"252","300541.SZ","先进数通","2016-09-13",TRUE,16,36.6032210834553,22.98,5.63,0.0319
"253","603393.SH","新天然气","2016-09-12",TRUE,7,20.5023065094823,22.99,10.4,0.0393
"254","601163.SH","三角轮胎","2016-09-09",TRUE,5,19.6680040909449,22.98,8.97,0.1101
"255","002811.SZ","亚泰国际","2016-09-08",TRUE,10,29.998000133324,22.98,6.63,0.0339
"256","300543.SZ","朗科智能","2016-09-08",TRUE,13,42.8571428571435,22.46,8.91,0.0163
"257","603843.SH","正平股份","2016-09-05",TRUE,13,34.6180555555553,22.97,2.87,0.0735
"258","002807.SZ","江阴银行","2016-09-02",TRUE,10,16.7008611753448,10.17,4.62,0.0954
"259","603658.SH","安图生物","2016-09-01",TRUE,12,24.1532002990396,22.99,3.44,0.0497
"260","603090.SH","宏盛股份","2016-08-31",TRUE,17,32.0512820512821,22.98,4.2,0.0325
"261","300537.SZ","广信材料","2016-08-30",TRUE,16,28.3189850475759,22.98,4.47,0.0311
"262","300539.SZ","横河模具","2016-08-30",TRUE,18,57.9268292682922,22.96,3.47,0.0319
"263","603007.SH","花王股份","2016-08-26",TRUE,14,28.5457502353848,22.97,5.68,0.038
"264","002810.SZ","山东赫达","2016-08-26",TRUE,16,21.1706541891056,22.98,6.54,0.029
"265","300538.SZ","同益股份","2016-08-26",TRUE,16,17.4216027874564,22.98,6.7,0.0159
"266","002809.SZ","红墙股份","2016-08-23",TRUE,12,24.9532127261385,22.69,10.21,0.0166
"267","300540.SZ","深冷股份","2016-08-23",TRUE,14,37.7358490566038,22.98,7.41,0.0182
"268","603031.SH","安德利","2016-08-22",TRUE,15,22.2222222222222,22.99,6.72,0.0198
"269","603515.SH","欧普照明","2016-08-19",TRUE,10,18.5303514376998,22.99,4.53,0.0564
"270","603986.SH","兆易创新","2016-08-18",TRUE,18,33.7837837837838,16.41,10.88,0.0335
"271","300532.SZ","今天国际","2016-08-18",TRUE,16,36.8421052631581,22.99,8.11,0.0318
"272","300533.SZ","冰川网络","2016-08-18",TRUE,13,43.1034482758621,21.97,13.33,0.0318
"273","601595.SH","上海电影","2016-08-17",TRUE,13,40.0222583682912,22.25,4.52,0.0641
"274","601997.SH","贵阳银行","2016-08-16",TRUE,6,17.4219063049879,6.08,7.86,0.2239
"275","600936.SH","广西广电","2016-08-15",TRUE,11,27.9392042914618,22.86,1.2,0.1535
"276","603159.SH","上海亚虹","2016-08-12",TRUE,19,21.5238915195867,18.31,3.39,0.0345
"277","002808.SZ","苏州恒久","2016-08-12",TRUE,18,19.4741966893866,22.99,4.07,0.0306
"278","300535.SZ","达威股份","2016-08-12",TRUE,16,21.6521739130436,22.98,9.46,0.0171
"279","603569.SH","长久物流","2016-08-10",TRUE,12,26.4966887417221,22.98,3.7,0.0508
"280","600977.SH","中国电影","2016-08-09",TRUE,12,25.8978283534086,22.98,4.76,0.2203
"281","300530.SZ","达志科技","2016-08-09",TRUE,19,42.6829268292691,22.98,6.14,0.0182
"282","300531.SZ","优博讯","2016-08-09",TRUE,19,22.9885057471264,22.98,6.13,0.0194
"283","601811.SH","新华文轩","2016-08-08",TRUE,14,16.760905370757,14.67,6.15,0.0797
"284","300528.SZ","幸福蓝海","2016-08-08",TRUE,16,25.2406034594877,22.98,5.58,0.0522
"285","300527.SZ","华舟应急","2016-08-05",TRUE,16,43.1700309689941,22.99,3.53,0.0751
"286","600919.SH","江苏银行","2016-08-02",TRUE,4,1.08201230576359,7.64,6.26,0.4673
"287","300526.SZ","中潜股份","2016-08-02",TRUE,19,34.8360655737707,22.99,5.36,0.0367
"288","300529.SZ","健帆生物","2016-08-02",TRUE,18,28.9655172413789,22.98,2.38,0.0498
"289","603663.SH","三祥新材","2016-08-01",TRUE,20,21.3694267515923,22.98,2.87,0.042
"290","603322.SH","超讯通信","2016-07-28",TRUE,18,37.037037037037,22.98,5.61,0.0224
"291","002806.SZ","华锋股份","2016-07-26",TRUE,24,22.2222222222222,22.96,4.07,0.0184
"292","300523.SZ","辰安科技","2016-07-26",TRUE,19,58.8235294117647,22.99,8.92,0.0208
"293","300525.SZ","博思软件","2016-07-26",TRUE,22,24.081115335868,22.99,5.81,0.0191
"294","300517.SZ","海波重科","2016-07-19",TRUE,17,23.0630630630631,22.97,5.37,0.0371
"295","603069.SH","海汽集团","2016-07-12",TRUE,17,23.5820895522389,18.2,3.07,0.0755
"296","002803.SZ","吉宏股份","2016-07-12",TRUE,20,25.6637168141595,22.84,3.37,0.0332
"297","300520.SZ","科大国创","2016-07-08",TRUE,21,28.3950617283949,22.84,5.02,0.0353
"298","002805.SZ","丰元股份","2016-07-07",TRUE,22,16.5781731098186,22.97,5.37,0.0313
"299","601966.SH","玲珑轮胎","2016-07-06",TRUE,9,20.8472314876584,22.97,5.71,0.1351
"300","300521.SZ","爱司凯","2016-07-05",TRUE,17,43.4782608695652,22.98,5.24,0.0219
"301","300522.SZ","世名科技","2016-07-05",TRUE,4,21.9342105263159,22.98,7.64,0.0204
"302","603016.SH","新宏泰","2016-07-01",TRUE,15,23.0095640293132,19.3,5.05,0.0478
"303","603958.SH","哈森股份","2016-06-29",TRUE,14,18.3605438821703,22.98,5.02,0.0577
"304","002802.SZ","洪汇新材","2016-06-29",TRUE,17,14.6563890999891,22.98,4.23,0.0344
"305","603909.SH","合诚股份","2016-06-28",TRUE,18,22.3214285714286,21,5.62,0.041
"306","300518.SZ","盛讯达","2016-06-24",TRUE,19,18.526750277822,22.68,10.13,0.0385
"307","300519.SZ","新光药业","2016-06-24",TRUE,21,37.7287304282211,8.26,6.51,0.0235
"308","002801.SZ","微光股份","2016-06-22",TRUE,19,27.2088724584106,15.24,11.16,0.018
"309","601127.SH","小康股份","2016-06-15",TRUE,18,21.1738484398215,18.19,3.74,0.1102
"310","002799.SZ","环球印务","2016-06-08",TRUE,22,25.7731958762887,22.99,4.88,0.0343
"311","300515.SZ","三德科技","2016-06-08",TRUE,19,24.500196001568,22.98,4.11,0.039
"312","603131.SH","上海沪工","2016-06-07",TRUE,22,21.253081696846,22.98,5.51,0.0417
"313","601611.SH","中国核建","2016-06-06",TRUE,16,12.6455746510423,15.6,2.97,0.2798
"314","603737.SH","三棵树","2016-06-03",TRUE,18,16.1290322580645,18.09,8.83,0.0415
"315","300516.SZ","久之洋","2016-06-02",TRUE,18,19.9097425006635,22.98,8.52,0.0429
"316","002800.SZ","天顺股份","2016-05-30",TRUE,23,11.7758305490764,19.77,5.01,0.0203
"317","300513.SZ","恒泰实达","2016-05-30",TRUE,22,15.4444534478568,22.98,6.61,0.0236
"318","300512.SZ","中亚股份","2016-05-26",TRUE,12,16.07295932946,22.96,8.69,0.0461
"319","002798.SZ","帝王洁具","2016-05-25",TRUE,19,10.991807032721,22.98,6.5,0.0341
"320","603339.SH","四方冷链","2016-05-19",TRUE,14,11.1221065312795,18.99,5.71,0.0574
"321","603959.SH","百利科技","2016-05-17",TRUE,17,14.5333748572615,22.96,3.43,0.0568
"322","603779.SH","威龙股份","2016-05-16",TRUE,20,11.306051665503,22.45,3.61,0.0532
"323","002797.SZ","第一创业","2016-05-11",TRUE,6,6.11129249650466,22.99,3.83,0.1239
"324","002796.SZ","世嘉科技","2016-05-10",TRUE,11,13.2687587076229,22.33,6.05,0.0206
"325","603101.SH","汇嘉时代","2016-05-06",TRUE,8,11.1094652644053,22.98,4.64,0.0605
"326","300510.SZ","金冠电气","2016-05-06",TRUE,10,34.0624999999996,22.99,6.34,0.0391
"327","300511.SZ","雪榕生物","2016-05-04",TRUE,9,32.7196579705083,22.98,8.05,0.0475
"328","603528.SH","多伦科技","2016-05-03",TRUE,18,17.5686701115039,6.41,5.11,0.0588
"329","300507.SZ","苏奥传感","2016-04-29",TRUE,9,18.164977661545,22.99,10.35,0.0221
"330","603822.SH","嘉澳环保","2016-04-28",TRUE,11,15.1652892561983,22.97,8.06,0.0239
"331","002795.SZ","永和智控","2016-04-28",TRUE,9,13.398360040731,22.99,5.4,0.0349
"332","603029.SH","天鹅股份","2016-04-27",TRUE,12,11.2481927710843,22.98,7.26,0.0448
"333","300509.SZ","新美星","2016-04-25",TRUE,11,19.8846689202625,22.98,6.79,0.0246
"334","603726.SH","朗迪集团","2016-04-21",TRUE,12,14.9193548387097,19.23,7.14,0.0422
"335","300508.SZ","维宏股份","2016-04-19",TRUE,15,37.2870662460569,22.98,7.1,0.0319
"336","603868.SH","飞科电器","2016-04-18",TRUE,10,9.95433789954341,16.52,4.21,0.0633
"337","002793.SZ","东音股份","2016-04-15",TRUE,14,15.7054906395276,14.64,5.97,0.0369
"338","603701.SH","德宏股份","2016-04-12",TRUE,14,12.3270440251572,21.6,6.39,0.0271
"339","603798.SH","康普顿","2016-04-06",TRUE,13,20.3268558419384,17.47,6.62,0.0432
"340","603028.SH","赛福天","2016-03-31",TRUE,18,16.0890728380309,22.94,2.04,0.0612
"341","300474.SZ","景嘉微","2016-03-31",TRUE,20,23.6883043416775,21.25,5.9,0.0484
"342","002791.SZ","坚朗五金","2016-03-29",TRUE,7,12.7801786228753,21.68,10.21,0.0447
"343","002792.SZ","通宇通讯","2016-03-28",TRUE,10,17.8571428571429,9.7361,10.74,0.0364
"344","300506.SZ","名家汇","2016-03-24",TRUE,15,19.2307692307692,22.96,4.03,0.0484
"345","603861.SH","白云电器","2016-03-22",TRUE,9,9.98271830842767,22.97,4.25,0.074
"346","300484.SZ","蓝海华腾","2016-03-22",TRUE,20,24.975984630163,19.83,8.42,0.0237
"347","601020.SH","华钰矿业","2016-03-16",TRUE,10,20.1550387596898,22.97,2.71,0.0713
"348","300505.SZ","川金诺","2016-03-15",TRUE,11,15.4635761589405,22.98,6.03,0.0457
"349","002789.SZ","建艺集团","2016-03-11",TRUE,7,10.1759486691062,22.99,12.06,0.037
"350","603919.SH","金徽酒","2016-03-10",TRUE,7,11.7847101803061,18.47,5.28,0.0742
"351","603520.SH","司太立","2016-03-09",TRUE,10,15.2276534186082,22.98,6.25,0.0487
"352","300503.SZ","昊志机电","2016-03-09",TRUE,14,18.1106925528832,22.98,6.22,0.0471
"353","002790.SZ","瑞尔特","2016-03-08",TRUE,8,7.67165324127349,19.78,7.7,0.0468
"354","603027.SH","千禾味业","2016-03-07",TRUE,9,10.3640367923306,22.98,5.04,0.0533
"355","300502.SZ","新易盛","2016-03-03",TRUE,11,20,18.58,11.47,0.0267
"356","603608.SH","天创时尚","2016-02-18",TRUE,8,11.9419281095928,22.98,5.12,0.0769
"357","002788.SZ","鹭燕医药","2016-02-18",TRUE,8,18.4417975717822,22.97,9.69,0.045
"358","601900.SH","南方传媒","2016-02-15",TRUE,10,12.460209856166,22.97,4.39,0.1329
"359","603377.SH","东方时尚","2016-02-05",TRUE,10,3.79541210584645,21.74,3.35,0.0734
"360","300500.SZ","启迪设计","2016-02-04",TRUE,11,19.6437925615504,22.98,9.79,0.023
"361","300501.SZ","海顺新材","2016-02-04",TRUE,11,20.2727272727271,22.99,9.73,0.0222
"362","300499.SZ","高澜股份","2016-02-02",TRUE,13,12.153689122193,22.97,7.72,0.0231
"363","002778.SZ","高科石化","2016-01-06",TRUE,14,20.4587155963303,22.97,6.18,0.1924
"364","603299.SH","井神股份","2015-12-31",TRUE,14,17.6125244618395,22.92,3.47,0.2472
"365","603778.SH","乾景园林","2015-12-31",TRUE,10,14.5985401459854,19.57,9.72,0.1714
"366","002777.SZ","久远银海","2015-12-31",TRUE,17,20.6185567010309,17.72,5.28,0.1378
"367","002787.SZ","华源控股","2015-12-31",TRUE,10,19.6637059382156,22.86,6.15,0.2083
"368","300490.SZ","华自科技","2015-12-31",TRUE,14,21.3675213675214,22.98,5.29,0.1691
"369","300491.SZ","通合科技","2015-12-31",TRUE,15,57.1428571428571,22.98,4.61,0.1751
"370","300494.SZ","盛天网络","2015-12-31",TRUE,14,42.8571428571435,20.85,6.61,0.1854
"371","001979.SZ","招商蛇口","2015-12-30",FALSE,0,0,0,0,0
"372","603508.SH","思维列控","2015-12-24",TRUE,12,24.388756783123,22.99,13.35,0.3997
"373","002785.SZ","万里石","2015-12-23",TRUE,23,23.1481481481481,22.9,3.05,0.1783
"374","002786.SZ","银宝山新","2015-12-23",TRUE,13,21.7656324909253,22.81,7.22,0.2366
"375","300492.SZ","山鼎设计","2015-12-23",TRUE,17,45.217391304347,22.96,3.35,0.1883
"376","603866.SH","桃李面包","2015-12-22",TRUE,11,11.7220312499999,22.98,3.56,0.408
"377","603996.SH","中新科技","2015-12-22",TRUE,14,20.0400000000002,22.96,6.49,0.2387
"378","002781.SZ","奇信股份","2015-12-22",TRUE,13,25.7128164104909,20.35,6.54,0.2683
"379","002782.SZ","可立克","2015-12-22",TRUE,17,25.3571428571428,22.97,4.36,0.2229
"380","300495.SZ","美尚生态","2015-12-22",TRUE,13,19.4186046511628,20.27,13.72,0.2913
"381","300497.SZ","富祥股份","2015-12-22",TRUE,15,10.9622411693058,21.79,7.55,0.1627
"382","603800.SH","道森股份","2015-12-10",TRUE,15,18.5053380782917,21.15,4.86,0.3156
"383","603999.SH","读者传媒","2015-12-10",TRUE,16,17.8041543026705,19.85,6.18,0.2545
"384","300493.SZ","润欣科技","2015-12-10",TRUE,22,30.0000000000003,22.97,3.71,0.147
"385","300496.SZ","中科创达","2015-12-10",TRUE,21,26.8788302333082,22.99,9.01,0.2368
"386","603398.SH","邦宝益智","2015-12-09",TRUE,20,21.4285714285713,22.99,5.16,0.2318
"387","603696.SH","安记食品","2015-12-09",TRUE,16,12.7118644067796,22.95,5.35,0.2761
"388","603936.SH","博敏电子","2015-12-09",TRUE,16,18.5176991150444,22.98,5.14,0.234
"389","002779.SZ","中坚科技","2015-12-09",TRUE,16,14.3790849673202,18.97,6.44,0.1621
"390","002780.SZ","三夫户外","2015-12-09",TRUE,23,18.0851063829787,22.95,5.05,0.1484
"391","002783.SZ","凯龙股份","2015-12-09",TRUE,15,6.26726726726739,22.98,14.56,0.218
"392","601155.SH","新城控股","2015-12-04",TRUE,1,0.0300816416474119,NA,5.92,0
"393","300498.SZ","温氏股份","2015-11-02",TRUE,2,0.140948890558674,NA,4.6,0
"394","300480.SZ","光力科技","2015-07-02",TRUE,23,43.3880399924534,22.99,4.68,0.1599
"395","300487.SZ","蓝晓科技","2015-07-02",TRUE,10,18.018018018018,20.32,8,0.4727
"396","603838.SH","四通股份","2015-07-01",TRUE,5,27.3368317481144,22.96,4.34,0.2713
"397","300488.SZ","恒锋工具","2015-07-01",TRUE,5,40.3548387096767,19.3,8.6,0.1512
"398","300489.SZ","中飞股份","2015-07-01",TRUE,11,37.8333333333333,22.97,8.8667,0.4137
"399","603085.SH","天成自控","2015-06-30",TRUE,12,11.7370892018779,22.98,3.7,0.2724
"400","603223.SH","恒通股份","2015-06-30",TRUE,6,17.5459118025501,22.97,4.5,0.3463
"401","603979.SH","金诚信","2015-06-30",TRUE,4,11.8363837978594,22.98,8.9,0.7811
"402","002768.SZ","国恩股份","2015-06-30",TRUE,5,10.5814507168933,22.99,8.03,0.4373
"403","002770.SZ","科迪乳业","2015-06-30",TRUE,5,14.8692419730006,20.81,3.71,0.4942
"404","300481.SZ","濮阳惠成","2015-06-30",TRUE,6,20.2020202020202,22.95,4.69,0.4675
"405","300482.SZ","万孚生物","2015-06-30",TRUE,14,40.7331975560082,18.56,8.23,0.3894
"406","300483.SZ","沃施股份","2015-06-30",TRUE,11,21.2328767123289,22.99,6.21,0.3154
"407","300486.SZ","东杰智能","2015-06-30",TRUE,5,26.30303030303,22.96,4.63,0.3668
"408","603116.SH","红蜻蜓","2015-06-29",TRUE,5,7.93522267206448,22.94,6.47,0.7693
"409","603117.SH","万林股份","2015-06-29",TRUE,7,21.2765957446809,22.98,3.13,0.3062
"410","603589.SH","口子窖","2015-06-29",TRUE,5,11.5384615384615,22.98,5.28,0.6946
"411","002769.SZ","普路通","2015-06-29",TRUE,7,12.5,19.64,11.65,0.4091
"412","002771.SZ","真视通","2015-06-29",TRUE,15,22.4693854623076,22.98,6.09,0.188
"413","002775.SZ","文科园林","2015-06-29",TRUE,6,11.1520017843203,22.98,8.37,0.4852
"414","601211.SH","国泰君安","2015-06-26",TRUE,3,7.37399653204556,22.99,9.4,1.5742
"415","002772.SZ","众兴菌业","2015-06-26",TRUE,7,16.6287219320566,22.98,6.19,0.2191
"416","002773.SZ","康弘药业","2015-06-26",TRUE,7,15.6701030927836,22.98,4.87,0.2304
"417","002776.SZ","柏堡龙","2015-06-26",TRUE,6,12.7946127946128,22.98,9.22,0.6035
"418","300485.SZ","赛升药业","2015-06-26",TRUE,6,16.5745856353592,22.99,14.4,0.3663
"419","601368.SH","绿城水务","2015-06-12",TRUE,10,71.3592233009702,22.96,3.24,0.2955
"420","002765.SZ","蓝黛传动","2015-06-12",TRUE,10,46.8426267903791,22.98,4.48,0.2883
"421","002767.SZ","先锋电子","2015-06-12",TRUE,10,43.1034482758621,22.43,6.11,0.3477
"422","300470.SZ","日机密封","2015-06-12",TRUE,10,32.5365853658538,21.84,14.04,0.3336
"423","300473.SZ","德尔股份","2015-06-12",TRUE,9,73.5294117647059,22.99,14,0.5936
"424","300479.SZ","神思电子","2015-06-12",TRUE,14,133.333333333333,22.96,4.58,0.276
"425","601968.SH","宝钢包装","2015-06-11",TRUE,13,48.1139260969966,22.93,2.35,0.453
"426","603066.SH","音飞储存","2015-06-11",TRUE,11,43.859649122807,20.98,6.68,0.2574
"427","603616.SH","韩建河山","2015-06-11",TRUE,11,27.787878787879,20.64,5.57,0.3292
"428","002760.SZ","凤形股份","2015-06-11",TRUE,11,61.1111111111125,22.97,6.16,0.345
"429","002766.SZ","索菱股份","2015-06-11",TRUE,13,34.6969696969696,22.82,4.92,0.3153
"430","300469.SZ","信息发展","2015-06-11",TRUE,15,43.6829714883605,22.98,4.54,0.2555
"431","300471.SZ","厚普股份","2015-06-11",TRUE,9,26.909090909091,21.85,18.2,0.5263
"432","300472.SZ","新元科技","2015-06-11",TRUE,11,30.3035811670605,22.99,5.25,0.3514
"433","300476.SZ","胜宏科技","2015-06-11",TRUE,11,60.114754098359,22.97,7.63,0.461
"434","601985.SH","中国核电","2015-06-10",TRUE,12,52.503177717386,22.29,2.28,1.6319
"435","002761.SZ","多喜爱","2015-06-10",TRUE,12,25.4237288135595,22.75,4.96,0.2278
"436","002762.SZ","金发拉比","2015-06-10",TRUE,11,24.2857142857145,18.71,11.5,0.2948
"437","002763.SZ","汇洁股份","2015-06-10",TRUE,11,24.3243243243244,21.72,6.39,0.3665
"438","300464.SZ","星徽精密","2015-06-10",TRUE,12,39.7499999999992,22.67,5.28,0.2816
"439","300475.SZ","聚隆科技","2015-06-10",TRUE,12,34.0136054421769,13.33,4.95,0.2734
"440","300477.SZ","合纵科技","2015-06-10",TRUE,12,40.6249999999994,15.38,6.12,0.2364
"441","300478.SZ","杭州高新","2015-06-10",TRUE,12,83.3500000000001,22.99,6.84,0.271
"442","603026.SH","石大胜华","2015-05-29",TRUE,14,27.8461538461537,32.55,6.32,0.2956
"443","603300.SH","华铁科技","2015-05-29",TRUE,14,36.9854014598543,22.98,4.96,0.3722
"444","603901.SH","永创智能","2015-05-29",TRUE,13,17.7304964539007,22.91,7.59,0.3499
"445","603198.SH","迎驾贡酒","2015-05-28",TRUE,12,24.0963855421687,19.4,4.3,0.7001
"446","603568.SH","伟明环保","2015-05-28",TRUE,14,26.6279069767445,22.97,3.15,0.4607
"447","603669.SH","灵康药业","2015-05-28",TRUE,14,43.6241610738254,22.98,4.14,0.4139
"448","603918.SH","金桥信息","2015-05-28",TRUE,19,37.9310344827591,22.99,4.96,0.2131
"449","002759.SZ","天际股份","2015-05-28",TRUE,14,17.3913043478261,20.16,5.37,0.3144
"450","300463.SZ","迈克生物","2015-05-28",TRUE,6,57.6923076923088,22.99,9.62,0.3221
"451","300465.SZ","高伟达","2015-05-28",TRUE,20,58.4912280701762,22.93,5.19,0.295
"452","300466.SZ","赛摩电气","2015-05-28",TRUE,15,45.5788514129444,22.99,5.46,0.3097
"453","603023.SH","威帝股份","2015-05-27",TRUE,15,19.6078431372549,14.46,4.71,0.2644
"454","603108.SH","润达医疗","2015-05-27",TRUE,15,22.4761904761904,22.97,8.89,0.2799
"455","603598.SH","引力传媒","2015-05-27",TRUE,19,43.8684210526309,22.96,3.98,0.1691
"456","603885.SH","吉祥航空","2015-05-27",TRUE,17,28.813559322034,22.98,4.79,0.3059
"457","002757.SZ","南兴装备","2015-05-27",TRUE,15,18.5986394557822,22.98,6.11,0.3238
"458","002758.SZ","华通医药","2015-05-27",TRUE,15,25,22.98,8.93,0.2564
"459","300462.SZ","华铭智能","2015-05-27",TRUE,15,41,22.97,6.85,0.3549
"460","300467.SZ","迅游科技","2015-05-27",TRUE,20,66.6666666666667,22.99,10.03,0.1967
"461","300468.SZ","四方精创","2015-05-27",TRUE,17,48.0769230769231,22.98,7.57,0.2715
"462","002753.SZ","永东股份","2015-05-19",TRUE,14,16.4666666666667,22.99,8.12,0.4134
"463","300461.SZ","田中精机","2015-05-19",TRUE,21,23.1666666666668,22.98,4.37,0.1236
"464","603022.SH","新通联","2015-05-18",TRUE,15,32.258064516129,22.98,3.41,0.3608
"465","603311.SH","金海环境","2015-05-18",TRUE,21,18.2291666666666,22.99,2.55,0.2996
"466","603566.SH","普莱柯","2015-05-18",TRUE,15,9.95767986059248,18.89,7.77,0.5059
"467","603968.SH","醋化股份","2015-05-18",TRUE,14,18.6569343065694,22.98,9.6,0.5811
"468","300450.SZ","先导智能","2015-05-18",TRUE,20,80.9523809523782,22.98,9.06,0.4745
"469","603227.SH","雪峰科技","2015-05-15",TRUE,21,23.8005780346823,22.95,2.49,0.2977
"470","603718.SH","海利生物","2015-05-15",TRUE,20,21.8743164276118,21.28,3.45,0.3078
"471","603989.SH","艾华集团","2015-05-15",TRUE,14,39.1144488774153,22.99,8.8,0.6409
"472","002755.SZ","东方新星","2015-05-15",TRUE,20,13.0048755452912,20.49,4.91,0.316
"473","002756.SZ","永兴特钢","2015-05-15",TRUE,14,11.5550830810474,17.97,13.51,0.4784
"474","300452.SZ","山河药辅","2015-05-15",TRUE,20,20.7365033964965,22.99,7.02,0.2958
"475","300453.SZ","三鑫医疗","2015-05-15",TRUE,17,24.825,22.98,6.05,0.4126
"476","300455.SZ","康拓红外","2015-05-15",TRUE,22,40.6976744186039,18.11,3.86,0.3459
"477","300458.SZ","全志科技","2015-05-15",TRUE,21,48.1927710843373,19.89,8.93,0.4332
"478","300459.SZ","金科娱乐","2015-05-15",TRUE,17,27.7283666422519,22.97,5.54,0.3281
"479","300460.SZ","惠伦晶体","2015-05-15",TRUE,17,29.1291707046935,22.96,3.62,0.3389
"480","300451.SZ","创业软件","2015-05-14",TRUE,28,29.8245614035087,22.98,8.01,0.2018
"481","300456.SZ","耐威科技","2015-05-14",TRUE,21,27.272727272727,22.98,6.31,0.3864
"482","300457.SZ","赢合科技","2015-05-14",TRUE,18,67.2413793103442,20.34,5.86,0.3304
"483","603355.SH","莱克电气","2015-05-13",TRUE,16,16.5991902834009,22.99,5.64,0.3951
"484","603599.SH","广信股份","2015-05-13",TRUE,16,12.3842105263159,20.62,11.11,0.3158
"485","300414.SZ","中光防雷","2015-05-13",TRUE,19,24.5000000000001,13.24,7.09,0.2996
"486","600959.SH","江苏有线","2015-04-28",TRUE,21,23.7107055622852,22.98,3.95,1.239
"487","603789.SH","星光农机","2015-04-27",TRUE,7,16.8918918918919,21.19,5.15,0.6635
"488","603315.SH","福鞍股份","2015-04-24",TRUE,8,8.19672131147541,22.91,5.83,0.4717
"489","603318.SH","派思股份","2015-04-24",TRUE,23,9.09365558912369,22.97,2.38,0.3188
"490","603567.SH","珍宝岛","2015-04-24",TRUE,7,14.983758700696,22.91,8.28,0.8283
"491","002751.SZ","易尚展示","2015-04-24",TRUE,27,5.41975308641964,22.98,5.75,0.3387
"492","300404.SZ","博济医药","2015-04-24",TRUE,26,11.7394366197182,22.98,6.1,0.3004
"493","300434.SZ","金石东方","2015-04-24",TRUE,25,11.9718309859155,22.98,5.43,0.4359
"494","300438.SZ","鹏辉能源","2015-04-24",TRUE,23,19.8113207547172,22.99,8.83,0.4541
"495","300442.SZ","普丽盛","2015-04-24",TRUE,7,11.9047619047619,22.55,4.68,0.6197
"496","300445.SZ","康斯特","2015-04-24",TRUE,23,14.1666666666666,22.98,8.17,0.5176
"497","300448.SZ","浩云科技","2015-04-24",TRUE,25,22.9885057471264,22.88,6.59,0.4626
"498","603021.SH","山东华鹏","2015-04-23",TRUE,10,5.82781456953639,22.97,6.42,0.4677
"499","603703.SH","盛洋科技","2015-04-23",TRUE,9,9.95670995670953,22.98,5.42,0.4511
"500","603883.SH","老百姓","2015-04-23",TRUE,10,13.163064833006,22.52,7.41,0.5435
"501","300437.SZ","清水源","2015-04-23",TRUE,26,17.3958333333333,19.3,5.8,0.4973
"502","300440.SZ","运达科技","2015-04-23",TRUE,13,15.457657060837,22.97,9.66,0.6057
"503","300441.SZ","鲍斯股份","2015-04-23",TRUE,24,18.8571428571429,22.81,5.1,0.6846
"504","300444.SZ","双杰电气","2015-04-23",TRUE,9,13.6309881422925,22.89,5.55,0.7695
"505","300446.SZ","乐凯新材","2015-04-23",TRUE,30,20.263157894737,7.11,5.78,0.4573
"506","603025.SH","大豪科技","2015-04-22",TRUE,9,7.82196592076782,22.98,3.19,0.6184
"507","603808.SH","歌力思","2015-04-22",TRUE,7,7.30193501277839,22.96,8.66,0.804
"508","603818.SH","曲美家居","2015-04-22",TRUE,9,12.104,22.99,4.71,0.5748
"509","002752.SZ","N兴股份","2015-04-22",TRUE,23,7.55667506297248,22.96,3.03,0.5264
"510","300424.SZ","航新科技","2015-04-22",TRUE,25,14.6306068601583,21.63,5.41,0.4303
"511","300436.SZ","广生堂","2015-04-22",TRUE,25,14.1399858600141,18.67,5.94,0.3036
"512","300439.SZ","美康生物","2015-04-22",TRUE,18,15.7971014492754,22.98,9.93,0.5961
"513","300443.SZ","金雷风电","2015-04-22",TRUE,10,10.7238095238095,19.66,13.42,0.5403
"514","300447.SZ","全信股份","2015-04-22",TRUE,25,10.7142857142858,22.3,6,0.4324
"515","300449.SZ","汉邦高科","2015-04-22",TRUE,25,9.51612903225823,22.98,8.44,0.1956
"516","603199.SH","九华旅游","2015-03-26",TRUE,10,17.4088050314465,20.47,7.46,0.7221
"517","603869.SH","北部湾旅","2015-03-26",TRUE,17,17.7245901639346,21.33,3.3,0.5262
"518","300435.SZ","中泰股份","2015-03-26",TRUE,12,10.4166666666667,18.09,6.61,0.1775
"519","603020.SH","爱普股份","2015-03-25",TRUE,4,17.1673819742489,22.94,10.03,1.1603
"520","603338.SH","浙江鼎力","2015-03-25",TRUE,4,7.85024154589343,21.34,12.37,0.3603
"521","603729.SH","龙韵股份","2015-03-24",TRUE,12,14.6228070175438,22.55,13.82,0.538
"522","002750.SZ","龙津药业","2015-03-24",TRUE,9,9.15300546448118,22.99,8.5,0.6441
"523","300429.SZ","强力新材","2015-03-24",TRUE,12,21.505376344086,18.67,6.5,0.7446
"524","300431.SZ","暴风集团","2015-03-24",TRUE,29,39.4736842105268,22.97,3.78,0.3432
"525","600958.SH","东方证券","2015-03-23",TRUE,5,41.735356106926,22.98,5.33,1.6235
"526","603012.SH","创力集团","2015-03-20",TRUE,4,8.54077253218872,22.96,6.75,1.2202
"527","603030.SH","全筑股份","2015-03-20",TRUE,11,12.6984126984127,22.91,4.88,0.8299
"528","603158.SH","腾龙股份","2015-03-20",TRUE,5,8.05740181268887,17.51,6.41,0.9024
"529","002747.SZ","埃斯顿","2015-03-20",TRUE,21,10.6761565836299,22.67,3.6,0.3913
"530","002749.SZ","国光股份","2015-03-20",TRUE,6,6.60792951541865,16.47,10.1,0.6873
"531","601689.SH","拓普集团","2015-03-19",TRUE,5,11.1616406141929,19.81,4.42,1.1352
"532","603268.SH","松发股份","2015-03-19",TRUE,6,6.87499999999979,22.86,5.77,0.5891
"533","603519.SH","立霸股份","2015-03-19",TRUE,6,10.3092783505155,20.13,7.39,0.5735
"534","002748.SZ","世龙实业","2015-03-19",TRUE,6,5.56586270871975,22.96,7.73,0.6055
"535","300374.SZ","恒通科技","2015-03-19",TRUE,6,8.60070671378127,22.94,6.9,0.6674
"536","300428.SZ","四通新材","2015-03-19",TRUE,7,10.2893235533823,22.98,6.98,0.6603
"537","300430.SZ","诚益通","2015-03-19",TRUE,9,18.3132530120481,22.89,9.18,0.5315
"538","300432.SZ","富临精工","2015-03-19",TRUE,9,14.2646569350008,12.86,6.46,0.5704
"539","300433.SZ","蓝思科技","2015-03-18",TRUE,13,11.9857651245551,22.98,13.24,0.6557
"540","603015.SH","弘讯科技","2015-03-03",TRUE,5,11.9285714285715,22.97,5.02,0.7136
"541","603309.SH","维力医疗","2015-03-02",TRUE,8,32.4675324675325,22.87,7.17,0.6096
"542","603997.SH","继峰股份","2015-03-02",TRUE,6,13.3928571428571,17.33,2.78,0.4551
"543","603969.SH","银龙股份","2015-02-27",TRUE,5,12.2850122850123,22.61,6.99,1.1068
"544","601198.SH","东兴证券","2015-02-26",TRUE,7,33.4896182183523,22.97,4.76,1.4416
"545","603828.SH","柯利达","2015-02-26",TRUE,4,9.67741935483902,22.93,7.62,0.9563
"546","603118.SH","共进股份","2015-02-25",TRUE,7,12.4172185430464,19.27,7.3,0.9299
"547","603222.SH","济民制药","2015-02-17",TRUE,9,8.54700854700855,22.96,4.24,0.5392
"548","603618.SH","杭电股份","2015-02-17",TRUE,6,6.50609756097552,22.84,6.64,1.1181
"549","603898.SH","好莱客","2015-02-17",TRUE,8,12.8272251308901,19,7.73,0.9067
"550","603939.SH","益丰药房","2015-02-17",TRUE,6,9.33227567542345,22.93,8.22,0.9233
"551","002742.SZ","三圣股份","2015-02-17",TRUE,5,5.5045871559632,19.59,11.32,1.0508
"552","002743.SZ","富煌钢构","2015-02-17",TRUE,9,6.427966101695,22.91,5.93,0.7721
"553","002745.SZ","木林森","2015-02-17",TRUE,5,6.74242424242438,22.5,5.05,1.1371
"554","300394.SZ","天孚通信","2015-02-17",TRUE,8,13.6071428571428,18.78,8.22,0.6138
"555","300420.SZ","五洋科技","2015-02-17",TRUE,9,8.36820083682008,22.59,4.64,0.6833
"556","300421.SZ","力星股份","2015-02-17",TRUE,8,16.3742690058478,22.83,4.79,0.889
"557","300422.SZ","博世科","2015-02-17",TRUE,16,15.6565656565658,22.97,5.31,0.579
"558","300423.SZ","鲁亿通","2015-02-17",TRUE,8,13.4969325153374,22.89,4.6,0.9039
"559","300426.SZ","唐德影视","2015-02-17",TRUE,11,21.7391304347826,22.96,9.56,0.5147
"560","300427.SZ","红相电力","2015-02-17",TRUE,8,13.355421686747,18.34,5.74,0.9551
"561","002741.SZ","光华科技","2015-02-16",TRUE,7,5.671077504726,22.8,5.79,0.3979
"562","002746.SZ","仙坛股份","2015-02-16",TRUE,10,6.88255613126072,22.96,6.12,0.3912
"563","300425.SZ","环能科技","2015-02-16",TRUE,11,6.20689655172418,22.97,8.79,0.3782
"564","603799.SH","华友钴业","2015-01-29",TRUE,14,14.0215716486904,22.94,4.69,0.5343
"565","603611.SH","诺力股份","2015-01-28",TRUE,7,7.40740740740741,21.36,9.52,0.755
"566","603698.SH","航天工程","2015-01-28",TRUE,7,13.2102728731943,22.97,4.99,0.6081
"567","603558.SH","健盛集团","2015-01-27",TRUE,6,5.6657223796034,22.92,8.4,0.6835
"568","603899.SH","晨光文具","2015-01-27",TRUE,8,9.1743119266055,22.99,4.15,0.6903
"569","002734.SZ","利民股份","2015-01-27",TRUE,8,5.85480093676815,22.98,7.14,0.7144
"570","603678.SH","火炬电子","2015-01-26",TRUE,9,8.94623655913948,15.04,5.66,0.6278
"571","603686.SH","龙马环卫","2015-01-26",TRUE,9,10.5970576085921,21.23,6.48,0.5194
"572","000166.SZ","申万宏源","2015-01-26",FALSE,0,0,0,0,0
"573","603600.SH","永艺股份","2015-01-23",TRUE,10,5.63063063063063,22.71,4.72,0.4525
"574","300415.SZ","伊之密","2015-01-23",TRUE,9,13.8248847926268,22.69,5.98,1.0835
"575","300417.SZ","南华仪器","2015-01-23",TRUE,10,10.9677419354839,22.65,7.7,0.7064
"576","601069.SH","西部黄金","2015-01-22",TRUE,13,9.80544747081683,22.31,2.5,0.7598
"577","603601.SH","再升科技","2015-01-22",TRUE,12,7.94392523364464,22.34,4.19,0.4407
"578","002739.SZ","万达院线","2015-01-22",TRUE,12,12.9032258064516,22.96,6.88,0.8622
"579","002740.SZ","爱迪尔","2015-01-22",TRUE,7,4.77099236641221,18.52,8.5,0.9416
"580","300416.SZ","苏试试验","2015-01-22",TRUE,11,12.8688524590164,22.96,5.87,0.4544
"581","300419.SZ","浩丰科技","2015-01-22",TRUE,12,6.70529262417798,22.94,11.93,0.5602
"582","601021.SH","春秋航空","2015-01-21",TRUE,10,5.87889476778366,22.96,11.74,0.6524
"583","300364.SZ","中文在线","2015-01-21",TRUE,18,11.8110236220472,22.87,3.59,0.5285
"584","300413.SZ","快乐购","2015-01-21",TRUE,12,7.43099787685767,22.89,3.62,0.7856
"585","300418.SZ","昆仑万维","2015-01-21",TRUE,12,9.84528832630085,22.99,8.31,0.7703
"586","603788.SH","宁波高发","2015-01-20",TRUE,9,3.37614389085774,19.4,4.34,0.3117
"587","603017.SH","中衡设计","2014-12-31",TRUE,3,4.73186119873824,22.88,12.75,0.5467
"588","603889.SH","新澳股份","2014-12-31",TRUE,3,5.13570741097197,21.63,8.58,0.4283
"589","300410.SZ","正业科技","2014-12-31",TRUE,8,7.38916256157654,22.96,6.12,0.4118
"590","300411.SZ","金盾股份","2014-12-31",TRUE,6,11.0803324099723,22.92,5.89,0.4759
"591","300412.SZ","迦南科技","2014-12-31",TRUE,8,12.2374429223744,22.78,6.18,0.4546
"592","603636.SH","南威软件","2014-12-30",TRUE,8,6.56167979002625,22.96,7.45,0.396
"593","002737.SZ","葵花药业","2014-12-30",TRUE,4,2.76724791508718,22.97,14.24,0.638
"594","002738.SZ","中矿资源","2014-12-30",TRUE,14,10.2389078498293,22.98,4.98,0.3962
"595","603588.SH","高能环境","2014-12-29",TRUE,5,5.37949400798937,22.79,10.07,0.4085
"596","002736.SZ","国信证券","2014-12-29",TRUE,12,20.7074707377554,22.97,3.44,1.7972
"597","601226.SH","华电重工","2014-12-11",TRUE,6,11.9617224880383,22.22,4.35,0.6765
"598","601969.SH","海南矿业","2014-12-09",TRUE,4,5.00191587820917,19.88,2.39,1.797
"599","603998.SH","方盛制药","2014-12-05",TRUE,7,8.41358024691353,22.85,6.67,0.5128
"600","002732.SZ","燕塘乳业","2014-12-05",TRUE,9,7.93346774193541,22.87,4.57,0.5398
"601","603368.SH","柳州医药","2014-12-04",TRUE,6,12.2950819672132,19.71,9.55,0.4009
"602","603518.SH","维格娜丝","2014-12-03",TRUE,5,7.70729166666655,22.3,7.91,0.6401
"603","002733.SZ","雄韬股份","2014-12-03",TRUE,8,7.21868365180446,22.31,7.85,0.4968
"604","002735.SZ","王子新材","2014-12-03",TRUE,11,5.55555555555556,22.51,5.22,0.327
"605","300407.SZ","凯发电气","2014-12-03",TRUE,7,8.54271356783932,22.8,10.19,0.4889
"606","300408.SZ","三环集团","2014-12-03",TRUE,5,7.89022298456277,22.61,7.15,1.2311
"607","300409.SZ","道氏技术","2014-12-03",TRUE,10,11.6906474820143,20.35,8.13,0.4474
"608","603166.SH","福达股份","2014-11-27",TRUE,12,5.1479289940828,20,2.1,0.2985
"609","603088.SH","宁波精达","2014-11-11",TRUE,16,9.1324200913242,22.91,5.42,0.448
"610","603011.SH","合锻智能","2014-11-07",TRUE,19,11.1386138613861,22.42,3.09,0.5472
"611","603019.SH","中科曙光","2014-11-06",TRUE,20,11.6459627329192,22.98,3.63,0.5242
"612","601015.SH","陕西黑猫","2014-11-05",TRUE,9,8.91530460624045,22.69,4.34,1.2774
"613","603988.SH","中电电机","2014-11-04",TRUE,10,4.93705257960997,21.97,7.32,0.4876
"614","002724.SZ","海洋王","2014-11-04",TRUE,10,7.92393026941363,22.77,3.5,0.5957
"615","002731.SZ","萃华珠宝","2014-11-04",TRUE,11,7.0561797752809,17.28,6.49,0.6838
"616","603688.SH","石英股份","2014-10-31",TRUE,12,4.93786846471563,19.61,5.12,0.6864
"617","300403.SZ","地尔汉宇","2014-10-30",TRUE,11,7.18816067653295,21.99,7.99,0.6277
"618","300405.SZ","科隆精化","2014-10-30",TRUE,12,5.55555555555556,22.84,9.08,0.4761
"619","300406.SZ","九强生物","2014-10-30",TRUE,18,13.2764523667191,10.07,7.04,0.3003
"620","603606.SH","东方电缆","2014-10-15",TRUE,7,6.42417889344255,20.41,5.27,0.4901
"621","603018.SH","中设集团","2014-10-13",TRUE,4,5.36082474226809,22.88,14.74,0.753
"622","603010.SH","万盛股份","2014-10-10",TRUE,6,4.48028673835125,22.76,4.93,0.4921
"623","603456.SH","九洲药业","2014-10-10",TRUE,5,5.12426035502962,22.36,7.34,0.7484
"624","300400.SZ","劲拓股份","2014-10-10",TRUE,11,4.87792980659008,21.11,4.09,0.6971
"625","300402.SZ","宝色股份","2014-10-10",TRUE,11,5.28491932726096,20.66,3.35,0.5778
"626","603169.SH","兰石重装","2014-10-09",TRUE,23,5.11247443762781,21.73,1.59,0.614
"627","002730.SZ","电光科技","2014-10-09",TRUE,7,3.9728713665074,19.59,5.2,0.455
"628","300398.SZ","飞凯材料","2014-10-09",TRUE,7,6.00600600600601,22.84,7.4,0.5175
"629","300399.SZ","京天利","2014-10-09",TRUE,12,7.87339579560664,20.35,5.57,0.389
"630","300401.SZ","花园生物","2014-10-09",TRUE,12,4.902807775378,21.1,7.56,0.4021
"631","600917.SH","重庆燃气","2014-09-30",TRUE,8,3.46397246585986,19.12,1.99,0.8767
"632","601016.SH","节能风电","2014-09-29",TRUE,11,4.4740285886854,22.06,1.75,0.7042
"633","603306.SH","华懋科技","2014-09-26",TRUE,6,3.17892824704812,19.24,5.91,0.2977
"634","002729.SZ","好利来","2014-09-12",TRUE,8,3.46417445482868,19.29,5.29,0.3746
"635","300393.SZ","中来股份","2014-09-12",TRUE,6,7.40752420295813,20.95,5.77,0.5842
"636","300392.SZ","腾信股份","2014-09-10",TRUE,11,5.03841793676785,22.7,10.56,0.6665
"637","300395.SZ","菲利华","2014-09-10",TRUE,7,6.23076923076938,18.94,9.44,0.6624
"638","300396.SZ","迪瑞医疗","2014-09-10",TRUE,7,4.96440129449832,20.8,14.07,0.7653
"639","300397.SZ","天和防务","2014-09-10",TRUE,13,8.54700854700855,20.73,10.01,0.5929
"640","603188.SH","亚邦股份","2014-09-09",TRUE,5,3.84410037373196,22.75,8.62,1.2142
"641","603806.SH","福斯特","2014-09-05",TRUE,4,2.42523211492365,22.28,8.92,1.5161
"642","601579.SH","会稽山","2014-08-25",TRUE,9,3.86413694501333,14.42,3.31,0.4914
"643","603099.SH","长白山","2014-08-22",TRUE,11,2.76640152033827,20.25,2.67,0.3683
"644","603609.SH","禾丰牧业","2014-08-08",TRUE,5,2.87873335732278,21.78,3.87,0.5112
"645","603100.SH","川仪股份","2014-08-05",TRUE,6,4.09336138650337,21,4.09,0.8948
"646","603111.SH","康尼机电","2014-08-01",TRUE,7,3.85394456289975,18.62,3.04,0.6514
"647","300384.SZ","三联虹普","2014-08-01",TRUE,7,3.04218928164197,20.97,11.62,0.6193
"648","300388.SZ","国祯环保","2014-08-01",TRUE,8,4.14264520854075,18.55,8.04,0.4768
"649","300389.SZ","艾比森","2014-08-01",TRUE,10,4.8190143916268,13.16,7.74,0.7246
"650","300391.SZ","康跃科技","2014-08-01",TRUE,3,3.18081208975734,20.5,5.04,0.8369
"651","603126.SH","中材节能","2014-07-31",TRUE,10,2.69879127885598,21.63,3.14,0.85
"652","002728.SZ","特一药业","2014-07-31",TRUE,8,2.80265916301387,17.5,6.72,0.3773
"653","300390.SZ","天华超净","2014-07-31",TRUE,10,5.3170432052421,18.29,3.82,0.2995
"654","603009.SH","北特科技","2014-07-18",TRUE,11,3.31716417910446,19.47,3.75,0.2809
"655","603369.SH","今世缘","2014-07-03",TRUE,3,1.30923134471707,12.54,6.19,1.0594
"656","603168.SH","莎普爱思","2014-07-02",TRUE,10,3.79908627906972,14.05,10.1,0.7623
"657","002727.SZ","一心堂","2014-07-02",TRUE,9,3.37333664967049,13.45,6.9,0.6221
"658","300387.SZ","富邦股份","2014-07-02",TRUE,9,2.09077740222116,23.01,8.53,0.71
"659","603328.SH","依顿电子","2014-07-01",TRUE,5,1.19826012629662,23.2,7.43,1.7008
"660","603006.SH","联明股份","2014-06-30",TRUE,8,1.66548694674605,13.43,6.29,0.4365
"661","002726.SZ","龙大肉食","2014-06-26",TRUE,7,0.369210083851748,19.58,6.4,0.8325
"662","300385.SZ","雪浪环境","2014-06-26",TRUE,11,0.792810791740497,22.17,7.55,0.4577
"663","300386.SZ","飞天诚信","2014-06-26",TRUE,5,0.94472798349444,16.57,11.84,0.5442
"664","002713.SZ","东易日盛","2014-02-19",TRUE,5,0.45813287711047,38.32,6.31,0.6491
"665","002715.SZ","登云股份","2014-02-19",TRUE,5,0.50923035367154,26.52,5.02,0.4562
"666","002717.SZ","岭南园林","2014-02-19",TRUE,5,0.613721823352372,23.34,6.83,0.5774
"667","603288.SH","海天味业","2014-02-11",FALSE,0,0,0,0,0
"668","603005.SH","晶方科技","2014-02-10",TRUE,6,0.151369458614889,33.76,5.9,1.3187
"669","002723.SZ","金莱特","2014-01-29",TRUE,1,0.1562867081334,22.3,6.4,2.0977
"670","002725.SZ","跃岭股份","2014-01-29",TRUE,1,0.0618948080406802,16.52,7.74,1.7673
"671","300363.SZ","博腾股份","2014-01-29",TRUE,4,0.30274279416601,34.26,6.01,1.5543
"672","300367.SZ","东方网力","2014-01-29",TRUE,2,0.344910502733012,37.75,9.67,2.2305
"673","300369.SZ","绿盟科技","2014-01-29",TRUE,4,0.584026663647601,37.96,8.53,2.0278
"674","300382.SZ","斯莱克","2014-01-29",TRUE,1,0.383051722103426,22.29,9.4,1.6466
"675","300383.SZ","光环新网","2014-01-29",TRUE,4,0.273663521224218,37.79,10.69,1.5408
"676","601225.SH","陕西煤业","2014-01-28",FALSE,0,0,0,0,0
"677","002714.SZ","牧原股份","2014-01-28",TRUE,1,0.421541979658685,18.8,7.01,2.5813
"678","002716.SZ","金贵银业","2014-01-28",TRUE,1,0.154591252496913,23.26,7.3,2.5636
"679","002718.SZ","友邦吊顶","2014-01-28",TRUE,2,0.108452237551795,24.58,7.47,2.0954
"680","002719.SZ","麦趣尔","2014-01-28",TRUE,1,0.0995628798280389,39.64,6.29,2.2275
"681","002722.SZ","金轮股份","2014-01-28",TRUE,2,0.176230677564994,19.41,3.82,2.0328
"682","300379.SZ","东方通","2014-01-28",TRUE,3,0.336430227264408,30.27,5.21,1.0426
"683","300380.SZ","安硕信息","2014-01-28",TRUE,2,0.587806605468176,40.06,5.25,1.8756
"684","300381.SZ","溢多利","2014-01-28",TRUE,2,0.209451858084932,23.83,9.52,1.7344
"685","002711.SZ","欧浦智网","2014-01-27",TRUE,2,0.174169010423919,25.23,7.33,2.0434
"686","002721.SZ","金一文化","2014-01-27",TRUE,2,0.216118219573527,25.73,4.96,1.1977
"687","300366.SZ","创意信息","2014-01-27",TRUE,3,0.417510454198777,27.08,5.27,1.0797
"688","300372.SZ","欣泰电气","2014-01-27",TRUE,2,0.0534111799101233,25.48,6.83,1.4487
"689","300375.SZ","鹏翎股份","2014-01-27",TRUE,1,0.0489423923790955,24.17,8.05,1.8911
"690","300376.SZ","易事特","2014-01-27",TRUE,4,0.337918398517327,14.51,9.5,1.6172
"691","300377.SZ","赢时胜","2014-01-27",TRUE,2,0.403208198081486,33.1,6.43,2.4214
"692","300378.SZ","鼎捷软件","2014-01-27",TRUE,2,0.156131762717191,27.37,9.27,2.591
"693","603555.SH","贵人鸟","2014-01-24",TRUE,1,0.0122132621096141,12.89,3.39,2.287
"694","002707.SZ","众信旅游","2014-01-23",TRUE,4,0.17120109756642,22.05,6.58,1.0828
"695","002709.SZ","天赐材料","2014-01-23",TRUE,3,0.050798063649696,28.08,6.36,1.2837
"696","002712.SZ","思美传媒","2014-01-23",TRUE,4,0.118363204537005,24.06,8.66,1.1473
"697","300365.SZ","恒华科技","2014-01-23",TRUE,1,0.12713113028836,42.16,8.76,2.0491
"698","300368.SZ","汇金股份","2014-01-23",TRUE,4,0.101370250664556,21.33,7.57,1.2869
"699","300370.SZ","安控科技","2014-01-23",TRUE,2,0.115472648006745,39.54,7.13,2.1044
"700","300371.SZ","汇中股份","2014-01-23",TRUE,1,0.294871448334839,39.11,7.71,2.4896
"701","300373.SZ","扬杰科技","2014-01-23",TRUE,4,0.0870509954027757,26.53,6.88,1.3831
"702","603308.SH","应流股份","2014-01-22",FALSE,0,0,0,0,0
"703","002705.SZ","新宝股份","2014-01-21",TRUE,1,0.145279875946278,30.08,4.39,1.0491
"704","002706.SZ","良信电器","2014-01-21",TRUE,1,0.0958722842306158,24.64,8.27,1.4258
"705","002708.SZ","光洋股份","2014-01-21",TRUE,1,0.140094141575257,28.29,6.22,1.8326
"706","300357.SZ","我武生物","2014-01-21",TRUE,4,0.0771854722574018,39.31,4.02,0.5684
"707","300358.SZ","楚天科技","2014-01-21",TRUE,1,0.124212606517656,31.5,8.7,1.4026
"708","300359.SZ","全通教育","2014-01-21",TRUE,2,0.0997325576628587,51.37,4.91,1.6787
"709","300360.SZ","炬华科技","2014-01-21",FALSE,0,0,0,0,0
"710","300362.SZ","天翔环境","2014-01-21",TRUE,3,0.0460364085295964,41.38,5.68,1.2328
"711","603699.SH","纽威股份","2014-01-17",FALSE,0,0,0,0,0
