"","Days","FirstHslRe","APS","Rate","Stage1","Stage3","Stage4","Sector1","S48","Prediction","ActDays","Error","Code"
"1",0,-1.92909321802353,1.47932922708708,1.0491,1,0,0,0,0,3.15282381971547,1,2,"002705.SZ"
"2",0,-2.34473834584333,2.1126345090356,1.4258,1,0,0,0,0,2.02274376068824,1,1,"002706.SZ"
"3",1.38629436111989,-1.76491640427624,1.88403474533723,1.0828,1,0,0,0,0,2.81068898033536,4,2,"002707.SZ"
"4",0,-1.96544064253593,1.82776990675109,1.8326,1,0,0,0,0,1.92153227748709,1,0,"002708.SZ"
"5",1.09861228866811,-2.97989704225615,1.85002837735203,1.2837,1,0,0,0,0,2.12633219792215,3,1,"002709.SZ"
"6",0.693147180559945,-1.74772912692239,1.99197551589856,2.0434,1,0,0,0,0,1.70590932062864,2,1,"002711.SZ"
"7",1.38629436111989,-2.13399737732352,2.15871472257434,1.1473,1,0,0,0,0,2.36185316612216,4,2,"002712.SZ"
"8",1.6094379124341,-0.780596012250634,1.84213567655312,0.6491,1,0,0,0,0,4.10853865526528,5,1,"002713.SZ"
"9",0,-0.863835910630799,1.9473377010465,2.5813,1,0,0,0,0,1.5288189279671,1,0,"002714.SZ"
"10",1.6094379124341,-0.674854803565821,1.61342993370364,0.4562,1,0,0,0,0,4.92399325355636,5,1,"002715.SZ"
"11",0,-1.86697072595023,1.98787434815435,2.5636,1,0,0,0,0,1.30037242121083,1,0,"002716.SZ"
"12",1.6094379124341,-0.488213509925429,1.9213246735827,0.5774,1,0,0,0,0,4.3484072789101,5,1,"002717.SZ"
"13",0.693147180559945,-2.22144540981702,2.01089499914473,2.0954,1,0,0,0,0,1.53460891758999,2,1,"002718.SZ"
"14",0,-2.30696587634826,1.83896107071235,2.2275,1,0,0,0,0,1.4964892758686,1,0,"002719.SZ"
"15",0.693147180559945,-1.53192970817861,1.60140574073684,1.1977,1,0,0,0,0,3.00670277976113,2,1,"002721.SZ"
"16",0.693147180559945,-1.73596147413657,1.34025042261848,2.0328,1,0,0,0,0,2.09859724832214,2,0,"002722.SZ"
"17",0,-1.85606308590408,1.85629799036563,2.0977,1,0,0,0,0,1.70266086481202,1,0,"002723.SZ"
"18",2.30258509299405,2.06988732887502,1.25276296849537,0.5957,0,0,0,0,0,11.1937127698191,10,1,"002724.SZ"
"19",0,-2.78231897937355,2.04640168760164,1.7673,1,0,0,0,0,1.63095138118592,1,0,"002725.SZ"
"20",1.94591014905531,-0.99638946401855,1.85629799036563,0.8325,0,0,0,0,0,5.11078762104743,7,2,"002726.SZ"
"21",2.19722457733622,1.21590235829463,1.93152141160321,0.6221,0,0,0,0,0,7.84191129988165,9,2,"002727.SZ"
"22",2.07944154167984,1.03056866757679,1.90508815453506,0.3773,0,0,0,0,0,8.65290228627175,8,0,"002728.SZ"
"23",2.07944154167984,1.24247435168052,1.66581824587021,0.3746,0,0,0,0,0,9.64149183178757,8,1,"002729.SZ"
"24",1.94591014905531,1.37948909939098,1.64865862558738,0.455,0,0,0,0,0,9.52277240325274,7,2,"002730.SZ"
"25",2.39789527279837,1.95390379673606,1.870262530716,0.6838,0,0,0,0,0,8.70975857337475,11,3,"002731.SZ"
"26",2.19722457733622,2.07109023412657,1.51951320490611,0.5398,0,0,0,0,0,10.6005896360081,9,1,"002732.SZ"
"27",2.07944154167984,1.97667261658781,2.06051353179432,0.4968,0,0,0,0,0,9.03300023662296,8,1,"002733.SZ"
"28",2.07944154167984,1.76726199762767,1.96571277635149,0.7144,0,0,0,0,0,8.09131367388069,8,0,"002734.SZ"
"29",2.39789527279837,1.71479842809193,1.65249740189455,0.327,0,0,0,0,0,10.6740138634027,11,1,"002735.SZ"
"30",2.484906649788,3.03049454036628,1.23547147138531,1.7972,0,0,0,0,0,7.28282521943284,12,5,"002736.SZ"
"31",1.38629436111989,1.01785329385922,2.65605490598383,0.638,0,0,0,0,0,6.03767073584561,4,2,"002737.SZ"
"32",2.63905732961526,2.32619495863318,1.60542989103656,0.3962,0,0,0,0,0,11.5283476408316,14,3,"002738.SZ"
"33",2.484906649788,2.55747734262284,1.92861865194525,0.8622,0,0,0,0,0,8.6238374401967,12,4,"002739.SZ"
"34",1.94591014905531,1.56255432653525,2.14006616349627,0.9416,0,0,0,0,0,6.64653806954267,7,1,"002740.SZ"
"35",1.94591014905531,1.73537913579197,1.7561322915849,0.3979,0,0,0,0,0,10.0203760747401,7,3,"002741.SZ"
"36",1.6094379124341,1.70558177298698,2.42657107277504,1.0508,0,0,0,0,0,5.9022942963965,5,0,"002742.SZ"
"37",2.19722457733622,1.86065817432294,1.78002421300963,0.7721,0,0,0,0,0,8.45167498409833,9,1,"002743.SZ"
"38",1.6094379124341,1.90841954013984,1.61938824328727,1.1371,0,0,0,0,0,7.48615317594751,5,2,"002745.SZ"
"39",2.30258509299405,1.92899011365131,1.81156209652423,0.3912,0,0,0,0,0,10.1896304962649,10,0,"002746.SZ"
"40",3.04452243772342,2.3680128983165,1.28093384546206,0.3913,0,1,0,0,0,16.8310276213133,21,5,"002747.SZ"
"41",1.79175946922805,1.71665199674123,2.04510886259933,0.6055,0,1,0,0,0,10.8197758871719,6,4,"002748.SZ"
"42",1.79175946922805,1.88827036960892,2.31253542384721,0.6873,0,1,0,0,0,9.83904164972966,6,3,"002749.SZ"
"43",2.19722457733622,2.21408229141778,2.14006616349627,0.6441,0,1,0,0,0,11.1533409058688,9,2,"002750.SZ"
"44",3.29583686600433,1.69005025840271,1.74919985480926,0.3387,0,1,0,0,0,13.4407161214647,27,14,"002751.SZ"
"45",3.13549421592915,2.02243128696308,1.10856261952128,0.5264,0,1,0,0,0,15.7331467140789,23,8,"002752.SZ"
"46",2.63905732961526,2.80133813552577,2.09433015417359,0.4134,0,1,0,0,0,13.8864269226899,14,1,"002753.SZ"
"47",2.99573227355399,2.56532432909636,1.59127394180643,0.316,0,1,0,0,0,16.3750695417622,20,4,"002755.SZ"
"48",2.63905732961526,2.44712543375219,2.60343015197211,0.4784,0,1,0,0,0,10.8812096088805,14,4,"002756.SZ"
"49",2.70805020110221,2.92308843050515,1.8099267731835,0.3238,0,1,0,0,0,16.1378575276094,15,1,"002757.SZ"
"50",2.70805020110221,3.2188758248682,2.18941639488841,0.2564,0,1,0,0,0,15.5510193754734,15,0,"002758.SZ"
"51",2.63905732961526,2.85597033117883,1.68082790852077,0.3144,0,1,0,0,0,16.6903085422246,14,2,"002759.SZ"
"52",2.39789527279837,4.11269370089032,1.81807677754543,0.345,0,0,1,0,0,11.0150344329529,11,0,"002760.SZ"
"53",2.484906649788,3.23568294318459,1.60140574073684,0.2278,0,0,1,0,0,10.857348047698,12,2,"002761.SZ"
"54",2.39789527279837,3.18988828799496,2.4423470353692,0.2948,0,0,1,0,0,8.05805889005809,11,3,"002762.SZ"
"55",2.39789527279837,3.19147685068009,1.85473426838944,0.3665,0,0,1,0,0,9.32201397782569,11,2,"002763.SZ"
"56",2.30258509299405,3.84679361722496,1.49962304642689,0.2883,0,0,1,0,0,11.9752669221421,10,1,"002765.SZ"
"57",2.56494935746154,3.54665235452186,1.59330853050422,0.3153,0,0,1,0,0,10.9529488550753,13,3,"002766.SZ"
"58",2.30258509299405,3.76360300030987,1.8099267731835,0.3477,0,0,1,0,0,10.4379642011446,10,0,"002767.SZ"
"59",1.6094379124341,2.35910253582922,2.08318452795867,0.4373,0,0,1,0,0,7.3634551632671,5,2,"002768.SZ"
"60",1.94591014905531,2.52572864430826,2.45530618001171,0.4091,0,0,1,0,0,6.83644248694662,7,1,"002769.SZ"
"61",1.6094379124341,2.69929478223932,1.31103187661934,0.4942,0,0,1,0,0,9.57806371712836,5,4,"002770.SZ"
"62",2.70805020110221,3.11215373657124,1.80664808172181,0.188,0,0,1,0,0,10.1937931649888,15,5,"002771.SZ"
"63",1.94591014905531,2.81113143709794,1.8229350866965,0.2191,0,0,1,0,0,9.5274113667787,7,2,"002772.SZ"
"64",1.94591014905531,2.75175463533694,1.5830939370945,0.2304,0,0,1,0,0,10.1042631570204,7,3,"002773.SZ"
"65",1.79175946922805,2.41161901401818,2.12465388450138,0.4852,0,0,1,0,0,7.16126489406524,6,1,"002775.SZ"
"66",1.79175946922805,2.54902420691178,2.2213750375685,0.6035,0,0,1,0,0,6.70521786440931,6,0,"002776.SZ"
"67",2.83321334405622,3.0261914810387,1.66392609771817,0.1378,0,0,0,0,0,14.3428964958607,17,3,"002777.SZ"
"68",2.63905732961526,3.01840898222502,1.8213182714696,0.1924,0,0,0,0,0,13.2904077700122,14,1,"002778.SZ"
"69",2.77258872223978,2.66577471795397,1.86252854011626,0.1621,0,0,0,0,0,12.5990625555952,16,4,"002779.SZ"
"70",3.13549421592915,2.8950887477743,1.61938824328727,0.1484,0,0,0,0,0,14.1696726859,23,9,"002780.SZ"
"71",2.56494935746154,3.24698956061035,1.87793716546911,0.2683,0,0,0,0,0,13.0477745131964,13,0,"002781.SZ"
"72",2.83321334405622,3.23306045986015,1.47247205736094,0.2229,0,0,0,0,0,15.0759547865595,17,2,"002782.SZ"
"73",2.70805020110221,1.83534041709678,2.67827804276854,0.218,0,0,0,0,0,8.37284549870651,15,7,"002783.SZ"
"74",3.13549421592915,3.14191478373207,1.11514159061932,0.1783,0,0,0,0,0,16.9496504223113,23,7,"002785.SZ"
"75",2.56494935746154,3.08033223458319,1.97685495290473,0.2366,0,0,0,0,0,12.5216379734154,13,1,"002786.SZ"
"76",2.30258509299405,2.97877459839004,1.81645208181843,0.2083,0,0,0,0,0,13.1251693813227,10,3,"002787.SZ"
"77",2.07944154167984,2.91461969557814,2.27109442590267,0.045,0,0,0,0,0,12.2376315443007,8,4,"002788.SZ"
"78",1.94591014905531,2.32002696227552,2.48989419129904,0.037,0,0,0,0,0,10.459960055547,7,3,"002789.SZ"
"79",2.07944154167984,2.03753213860263,2.04122032885964,0.0468,0,0,0,0,0,11.4278418773102,8,3,"002790.SZ"
"80",1.94591014905531,2.54789542560252,2.32336763217657,0.0447,0,0,0,0,0,11.3683680409225,7,4,"002791.SZ"
"81",2.30258509299405,2.88240358824699,2.37397508908072,0.0364,0,0,0,0,0,11.8466351699158,10,1,"002792.SZ"
"82",2.63905732961526,2.75401037347859,1.78674692740451,0.0369,0,0,0,0,0,13.9002735445388,14,1,"002793.SZ"
"83",2.19722457733622,2.59513231444713,1.68639895357023,0.0349,0,0,0,0,0,13.9945974820432,9,4,"002795.SZ"
"84",2.39789527279837,2.58541230271964,1.80005827204275,0.0206,0,0,0,0,0,13.5883902005813,11,2,"002796.SZ"
"85",1.79175946922805,1.81013828870199,1.34286480319255,0.1239,0,0,0,0,0,13.1583588328578,6,7,"002797.SZ"
"86",2.94443897916644,2.39715018007853,1.87180217690159,0.0341,0,0,0,0,0,12.8190785484814,19,7,"002798.SZ"
"87",3.09104245335832,3.24933503235291,1.58514521986506,0.0343,0,0,0,0,0,16.0085566996219,22,6,"002799.SZ"
"88",3.13549421592915,2.46604917236842,1.61143591509677,0.0203,0,0,0,0,0,14.1325813079218,23,9,"002800.SZ"
"89",2.94443897916644,3.3035431134364,2.41233595695316,0.018,0,0,0,0,0,12.6239019434962,19,7,"002801.SZ"
"90",2.83321334405622,2.68487635643233,1.44220199305819,0.0344,0,0,0,0,0,15.3029564867748,17,2,"002802.SZ"
"91",2.99573227355399,3.24507819726223,1.21491274436427,0.0332,0,0,0,0,0,17.9337959725472,20,3,"002803.SZ"
"92",3.09104245335832,2.80808695725612,1.68082790852077,0.0313,0,0,0,0,0,14.5223487898308,22,8,"002805.SZ"
"93",3.17805383034795,3.10109278921182,1.4036429994545,0.0184,0,0,0,0,0,16.6643038664938,24,8,"002806.SZ"
"94",2.30258509299405,2.81546028547907,1.53039470509365,0.0954,0,0,0,0,1,8.55184228680821,10,2,"002807.SZ"
"95",2.89037175789616,2.96909034260757,1.4036429994545,0.0306,0,0,0,0,0,16.2244263915123,18,2,"002808.SZ"
"96",2.484906649788,3.21700258048652,2.32336763217657,0.0166,0,0,0,0,0,12.8066364312977,12,0,"002809.SZ"
"97",2.77258872223978,3.05261598637483,1.87793716546911,0.029,0,0,0,0,0,14.2221892469124,16,2,"002810.SZ"
"98",2.30258509299405,3.4011307172176,1.89160480419777,0.0339,0,0,0,0,0,14.926228817189,10,4,"002811.SZ"
"99",2.07944154167984,3.30304016694983,2.40423874672055,0.0305,0,0,0,0,0,12.5773535001978,8,4,"002812.SZ"
"100",3.09104245335832,3.34718279335593,1.68454538492091,0.0277,0,0,0,0,0,15.8193618064753,22,7,"002813.SZ"
"101",2.07944154167984,3.21842592608784,1.48839958405704,0.0401,0,0,0,0,0,16.3648063767508,8,8,"002815.SZ"
"102",2.83321334405622,3.28854749811752,1.5953389880546,0.0257,0,0,0,0,0,16.1249597108513,17,1,"002816.SZ"
"103",2.70805020110221,2.87388633414212,1.95018670582257,0.0247,0,0,0,0,0,13.5523131632719,15,2,"002817.SZ"
"104",2.39789527279837,3.25209187487673,2.08567209143047,0.0378,0,0,0,0,0,13.7101843500374,11,2,"002818.SZ"
"105",3.04452243772342,3.42765584320157,1.27256559579155,0.0272,0,0,0,0,0,18.1864051168292,21,3,"002819.SZ"
"106",2.39789527279837,3.05362625197289,1.98924327376169,0.0268,0,0,0,0,0,13.7612217816319,11,2,"002820.SZ"
"107",2.56494935746154,3.30389513965371,2.73371794785079,0.0212,0,0,0,0,0,11.4202717930466,13,2,"002821.SZ"
"108",2.39789527279837,3.26610720457363,1.77664583141801,0.0391,0,0,0,0,0,15.0987722711151,11,4,"002822.SZ"
"109",2.484906649788,3.61397814594083,1.83736998048011,0.0278,0,0,0,0,0,15.741260229705,12,3,"002823.SZ"
"110",2.77258872223978,3.42393390863603,1.64093657949347,0.0237,0,0,0,0,0,16.2593930004395,16,0,"002825.SZ"
"111",2.63905732961526,3.57648491179874,1.01884732019925,0.0305,0,0,0,0,0,20.0941052686901,14,6,"002826.SZ"
"112",2.39789527279837,3.15213185708218,1.30562645805244,0.0303,0,0,0,0,0,17.2119113573291,11,6,"002827.SZ"
"113",2.39789527279837,3.48217055621546,1.90359895098359,0.0251,0,0,0,0,0,15.1272731299519,11,4,"002828.SZ"
"114",2.484906649788,3.14288991789028,2.12345842709661,0.0134,0,0,0,0,0,13.4804591699609,12,1,"002829.SZ"
"115",2.39789527279837,3.21408826335984,2.06812778177956,0.0126,0,0,0,0,0,13.8715540875358,11,2,"002830.SZ"
"116",1.6094379124341,2.5836077259001,1.79674701073909,0.0329,0,0,0,0,0,13.5169497873588,5,8,"002831.SZ"
"117",1.79175946922805,2.68977060161426,2.46640317822344,0.0243,0,0,0,0,0,11.2370682568408,6,5,"002832.SZ"
"118",2.484906649788,3.37931622760966,1.58923520511658,0.026,0,0,0,0,0,16.3854913543695,12,4,"002833.SZ"
"119",2.30258509299405,3.30538227884787,1.72455071953461,0.0244,0,0,0,0,0,15.5486616678772,10,5,"002835.SZ"
"120",2.63905732961526,3.65139100970294,1.54329810992956,0.0136,0,0,0,0,0,17.4513908240529,14,3,"002836.SZ"
"121",2.19722457733622,3.17008566069877,1.94876321803772,0.0137,0,0,0,0,0,14.2823939341315,9,5,"002837.SZ"
"122",1.38629436111989,-2.56154402285436,1.39128190263093,0.5684,1,0,0,0,0,3.7074363811195,4,1,"300357.SZ"
"123",0,-2.08576061288125,2.16332302566054,1.4026,1,0,0,0,0,2.09805959977673,1,1,"300358.SZ"
"124",0.693147180559945,-2.30526309902477,1.59127394180643,1.6787,1,0,0,0,0,2.1113676773071,2,0,"300359.SZ"
"125",1.09861228866811,-3.07832270578206,1.73695123273306,1.2328,1,0,0,0,0,2.22212390579547,3,1,"300362.SZ"
"126",1.38629436111989,-1.19487169810053,1.79342474854712,1.5543,1,0,0,0,0,2.51157938103976,4,2,"300363.SZ"
"127",2.89037175789616,2.46903330063171,1.27815220250019,0.5285,0,0,0,0,0,12.2220221282564,18,6,"300364.SZ"
"128",0,-2.06253620325211,2.1701959049483,2.0491,1,0,0,0,0,1.53263687251449,1,0,"300365.SZ"
"129",1.09861228866811,-0.873445695007653,1.66203036255327,1.0797,1,0,0,0,0,3.46795057247697,3,0,"300366.SZ"
"130",0.693147180559945,-1.06447030797207,2.2690283094652,2.2305,1,0,0,0,0,1.59254027025201,2,1,"300367.SZ"
"131",1.38629436111989,-2.28897561682225,2.02419306744936,1.2869,1,0,0,0,0,2.24386589408722,4,2,"300368.SZ"
"132",1.38629436111989,-0.537808640265332,2.14358936150359,2.0278,1,0,0,0,0,1.9852923076538,4,3,"300369.SZ"
"133",0.693147180559945,-2.15872159085952,1.9643112344262,2.1044,1,0,0,0,0,1.56528801124424,2,1,"300370.SZ"
"134",0,-1.22121578597342,2.04251818757524,2.4896,1,0,0,0,0,1.46774082405233,1,0,"300371.SZ"
"135",0.693147180559945,-2.92973519331628,1.9213246735827,1.4487,1,0,0,0,0,1.93453304240499,2,1,"300372.SZ"
"136",1.38629436111989,-2.44126117799385,1.92861865194525,1.3831,1,0,0,0,0,2.15243994102859,4,2,"300373.SZ"
"137",1.79175946922805,2.15184437590428,1.93152141160321,0.6674,0,1,0,0,0,11.6418249653664,6,5,"300374.SZ"
"138",0,-3.01711133824135,2.08567209143047,1.8911,1,0,0,0,0,1.46182319865264,1,0,"300375.SZ"
"139",1.38629436111989,-1.08495083715166,2.2512917986065,1.6172,1,0,0,0,0,2.15311666302316,4,2,"300376.SZ"
"140",0.693147180559945,-0.908302229888315,1.86097453824953,2.4214,1,0,0,0,0,1.68550107057205,2,1,"300377.SZ"
"141",0.693147180559945,-1.85705499543165,2.22678337957776,2.591,1,0,0,0,0,1.19419225964204,2,1,"300378.SZ"
"142",1.09861228866811,-1.08936449979401,1.65057985576528,1.0426,1,0,0,0,0,3.42524600471511,3,0,"300379.SZ"
"143",0.693147180559945,-0.531357287448729,1.65822807660353,1.8756,1,0,0,0,0,2.48464011945815,2,0,"300380.SZ"
"144",0.693147180559945,-1.56326136037071,2.25339484880327,1.7344,1,0,0,0,0,1.88458674608207,2,1,"300381.SZ"
"145",0,-0.959585254262736,2.24070968927596,1.6466,1,0,0,0,0,2.17182032167507,1,1,"300382.SZ"
"146",1.38629436111989,-1.29585595196344,2.36930872503695,1.5408,1,0,0,0,0,2.08493967032993,4,2,"300383.SZ"
"147",1.94591014905531,1.11257741466333,2.45272775142377,0.6193,0,0,0,0,0,6.58313049496958,7,1,"300384.SZ"
"148",2.39789527279837,-0.232170683873715,2.02154756326093,0.4577,0,0,0,0,0,6.57944812096548,11,5,"300385.SZ"
"149",1.6094379124341,-0.0568582410786572,2.47148362945586,0.5442,0,0,0,0,0,5.64727589893211,5,0,"300386.SZ"
"150",2.19722457733622,0.737535959600959,2.14358936150359,0.71,0,0,0,0,0,6.52791991564896,9,3,"300387.SZ"
"151",2.07944154167984,1.42133452306349,2.08442908319087,0.4768,0,0,0,0,0,8.29633243421991,8,0,"300388.SZ"
"152",2.30258509299405,1.57256942408802,2.04640168760164,0.7246,0,0,0,0,0,7.61683295623275,10,3,"300389.SZ"
"153",2.30258509299405,1.67091736035755,1.34025042261848,0.2995,0,0,0,0,0,11.8249601680161,10,1,"300390.SZ"
"154",1.09861228866811,1.15713653832719,1.61740608208328,0.8369,0,0,0,0,0,7.70476998284165,3,4,"300391.SZ"
"155",2.39789527279837,1.61709213137096,2.35707327827812,0.6665,0,0,0,0,0,7.17303220402967,11,4,"300392.SZ"
"156",1.79175946922805,2.00249626781875,1.75267208052001,0.5842,0,0,0,0,0,9.55274110262843,6,3,"300393.SZ"
"157",2.07944154167984,2.6105948649515,2.10657020906809,0.6138,0,0,0,0,0,9.29521466820676,8,1,"300394.SZ"
"158",1.94591014905531,1.82949979721093,2.24495598015741,0.6624,0,0,0,0,0,7.69233049740812,7,0,"300395.SZ"
"159",1.94591014905531,1.60229270502944,2.6440448711263,0.7653,0,0,0,0,0,6.2441328192465,7,1,"300396.SZ"
"160",2.56494935746154,2.14558134418438,2.30358459332713,0.5929,0,0,0,0,0,8.21481950374321,13,5,"300397.SZ"
"161",1.94591014905531,1.79275996956164,2.00148000021012,0.5175,0,0,0,0,0,8.84573547425476,7,1,"300398.SZ"
"162",2.484906649788,2.06348945546591,1.71739505393919,0.389,0,0,0,0,0,10.7247287520445,12,2,"300399.SZ"
"163",2.39789527279837,1.58472090989726,1.40854497005471,0.6971,0,0,0,0,0,9.40820630000884,11,2,"300400.SZ"
"164",2.484906649788,1.58980805638922,2.02287119019144,0.4021,0,0,0,0,0,9.00447992699215,12,3,"300401.SZ"
"165",2.39789527279837,1.66485735473284,1.20896034583698,0.5778,0,0,0,0,0,10.7373903533039,11,1,"300402.SZ"
"166",2.39789527279837,1.97243532211235,2.07819075977818,0.6277,0,0,0,0,0,8.42238558482322,11,3,"300403.SZ"
"167",3.25809653802148,2.46295382514953,1.80828877117927,0.3004,0,1,0,0,0,15.1894707842198,26,11,"300404.SZ"
"168",2.484906649788,1.71479842809193,2.2060741926132,0.4761,0,0,0,0,0,8.37315931393886,12,4,"300405.SZ"
"169",2.89037175789616,2.58599196729945,1.95160817016995,0.3003,0,0,0,0,0,11.3162371649758,18,7,"300406.SZ"
"170",1.94591014905531,2.14507870531983,2.32140684723463,0.4889,0,0,0,0,0,8.59475560686196,7,1,"300407.SZ"
"171",1.6094379124341,2.06562439612671,1.96711235670592,1.2311,0,0,0,0,0,6.58736124276096,5,1,"300408.SZ"
"172",2.30258509299405,2.45878916163314,2.09556092355972,0.4474,0,0,0,0,0,9.87679922595359,10,1,"300409.SZ"
"173",2.07944154167984,2.00001440804854,1.81156209652423,0.4118,0,0,0,0,0,10.2011918944676,8,2,"300410.SZ"
"174",1.79175946922805,2.40517168176915,1.7732559976635,0.4759,0,0,0,0,0,10.6633100051263,6,4,"300411.SZ"
"175",2.07944154167984,2.5045003436884,1.8213182714696,0.4546,0,0,0,0,0,10.7843342556012,8,2,"300412.SZ"
"176",2.484906649788,2.00566015346108,1.28647402583768,0.7856,0,0,0,0,0,9.9960168012479,12,3,"300413.SZ"
"177",2.94443897916644,3.19867311755069,1.95868534054404,0.2996,0,1,0,0,0,16.2926377614367,19,3,"300414.SZ"
"178",2.19722457733622,2.62647021410979,1.78842056796254,1.0835,0,0,0,0,0,8.16970073770844,9,1,"300415.SZ"
"179",2.39789527279837,2.55480985360909,1.76985463384001,0.4544,0,0,0,0,0,11.044387345278,11,0,"300416.SZ"
"180",2.30258509299405,2.39495841312506,2.04122032885964,0.7064,0,0,0,0,0,8.76175735920872,10,2,"300417.SZ"
"181",2.484906649788,2.2869929982342,2.11745960886736,0.7703,0,0,0,0,0,8.15624182425509,12,4,"300418.SZ"
"182",2.484906649788,1.90289715846261,2.47905623610982,0.5602,0,0,0,0,0,7.61242375261632,12,5,"300419.SZ"
"183",2.19722457733622,2.12443890761057,1.53471436623816,0.6833,0,0,0,0,0,9.92047127637548,9,0,"300420.SZ"
"184",2.07944154167984,2.79571113966063,1.56653041142282,0.889,0,0,0,0,0,9.87668109403601,8,1,"300421.SZ"
"185",2.77258872223978,2.75089035977871,1.66959183525385,0.579,0,0,0,0,0,11.0539031439845,16,5,"300422.SZ"
"186",2.07944154167984,2.60246243853965,1.52605630349505,0.9039,0,0,0,0,0,9.63004782724176,8,1,"300423.SZ"
"187",3.2188758248682,2.68311569470204,1.68824909285839,0.4303,0,1,0,0,0,15.313639442623,25,10,"300424.SZ"
"188",2.39789527279837,1.82566102090374,2.17361471169709,0.3782,0,0,0,0,0,9.02729008194705,11,2,"300425.SZ"
"189",2.39789527279837,3.07911388249304,2.25758772706331,0.5147,0,0,0,0,0,10.0272569999208,11,1,"300426.SZ"
"190",2.07944154167984,2.59192242125977,1.74745921033147,0.9551,0,0,0,0,0,8.76041808853322,8,0,"300427.SZ"
"191",1.94591014905531,2.33110680943265,1.94304891677428,0.6603,0,1,0,0,0,11.9744018085912,7,4,"300428.SZ"
"192",2.484906649788,3.06830296638883,1.87180217690159,0.7446,0,1,0,0,0,13.1924074199862,12,1,"300429.SZ"
"193",2.19722457733622,2.90762500604372,2.2170272046324,0.5315,0,1,0,0,0,12.8369704630426,9,3,"300430.SZ"
"194",3.36729582998647,3.67563422736393,1.3297240096315,0.3432,0,1,0,0,0,20.8577328602906,29,9,"300431.SZ"
"195",2.19722457733622,2.65778493495466,1.86562931779451,0.5704,0,1,0,0,0,13.4892664378707,9,4,"300432.SZ"
"196",2.56494935746154,2.48371970602847,2.58324255050886,0.6557,0,1,0,0,0,10.0992173011754,13,3,"300433.SZ"
"197",3.2188758248682,2.48255647244305,1.69193913394584,0.4359,0,1,0,0,0,14.7800855703299,25,11,"300434.SZ"
"198",2.484906649788,2.3434070875143,1.88858365386359,0.1775,0,1,0,0,0,15.4421504813318,12,3,"300435.SZ"
"199",3.2188758248682,2.64900666046892,1.78170913337455,0.3036,0,1,0,0,0,15.7448629550583,25,10,"300436.SZ"
"200",3.25809653802148,2.85623071394296,1.75785791755237,0.4973,0,1,0,0,0,14.9085652215258,26,12,"300437.SZ"
"201",3.13549421592915,2.98625352959946,2.17815501461587,0.4541,0,1,0,0,0,13.6594946934848,23,10,"300438.SZ"
"202",2.89037175789616,2.75982647062593,2.29556047805708,0.5961,0,1,0,0,0,11.8626496110195,18,7,"300439.SZ"
"203",2.56494935746154,2.7381044832165,2.26799364822443,0.6057,0,1,0,0,0,11.8668923008607,13,2,"300440.SZ"
"204",3.17805383034795,2.93689177353106,1.62924053973028,0.6846,0,1,0,0,0,14.3351708022525,24,10,"300441.SZ"
"205",1.94591014905531,2.47693848013882,1.54329810992956,0.6197,0,1,0,0,0,14.1303629237751,7,7,"300442.SZ"
"206",2.30258509299405,2.37246645854211,2.59674613154354,0.5403,0,1,0,0,0,10.4553449664501,10,0,"300443.SZ"
"207",2.19722457733622,2.61234574068094,1.71379792775834,0.7695,0,1,0,0,0,12.7327501585509,9,3,"300444.SZ"
"208",3.13549421592915,2.65089178726226,2.10046890887191,0.5176,0,1,0,0,0,12.864385390842,23,11,"300445.SZ"
"209",3.40119738166216,3.00880435512135,1.75440368268429,0.4573,0,1,0,0,0,15.5888879883577,30,15,"300446.SZ"
"210",3.2188758248682,2.371577964481,1.79175946922805,0.4324,0,1,0,0,0,14.1095352425456,25,11,"300447.SZ"
"211",3.2188758248682,3.1349943408875,1.88555334851442,0.4626,0,1,0,0,0,15.2347019935675,25,10,"300448.SZ"
"212",3.2188758248682,2.25298815185469,2.13298230860787,0.1956,0,1,0,0,0,13.9987341306282,25,12,"300449.SZ"
"213",2.99573227355399,4.39386109232085,2.20386912005489,0.4745,0,1,0,0,0,16.748986789553,20,4,"300450.SZ"
"214",3.3322045101752,3.39533226220975,2.08069076108027,0.2018,0,1,0,0,0,16.9788138125091,28,12,"300451.SZ"
"215",2.99573227355399,3.03189559632661,1.94876321803772,0.2958,0,1,0,0,0,15.9481173639993,20,5,"300452.SZ"
"216",2.83321334405622,3.21185120993124,1.80005827204275,0.4126,0,1,0,0,0,16.2216288118042,17,1,"300453.SZ"
"217",3.09104245335832,3.70617095122398,1.35066718347674,0.3459,0,1,0,0,0,20.7965281898844,22,2,"300455.SZ"
"218",3.04452243772342,3.30588720185782,1.84213567655312,0.3864,0,1,0,0,0,16.4615450000128,21,5,"300456.SZ"
"219",2.89037175789616,4.20828882157131,1.76814960358892,0.3304,0,1,0,0,0,19.9503963132458,18,1,"300457.SZ"
"220",3.04452243772342,3.87520903230543,2.18941639488841,0.4332,0,1,0,0,0,15.8192275793666,21,6,"300458.SZ"
"221",2.83321334405622,3.32245595570219,1.71199450075919,0.3281,0,1,0,0,0,17.6734031017692,17,0,"300459.SZ"
"222",2.83321334405622,3.37174010179485,1.28647402583768,0.3389,0,1,0,0,0,20.1908501022404,17,3,"300460.SZ"
"223",3.04452243772342,3.14271446390264,1.4747630091075,0.1236,0,1,0,0,0,20.4180278209886,21,1,"300461.SZ"
"224",2.70805020110221,3.71357206670431,1.92424865227413,0.3549,0,1,0,0,0,17.3816276745855,15,2,"300462.SZ"
"225",1.79175946922805,4.05512384906884,2.26384426467762,0.3221,0,1,0,0,0,16.7926979269836,6,10,"300463.SZ"
"226",2.484906649788,3.68260984110032,1.66392609771817,0.2816,0,0,1,0,0,11.1316347397852,12,1,"300464.SZ"
"227",2.99573227355399,4.0688767954762,1.6467336971778,0.295,0,1,0,0,0,20.6115535374864,20,0,"300465.SZ"
"228",2.70805020110221,3.81944382413505,1.69744878975681,0.3097,0,1,0,0,0,19.3715546716843,15,4,"300466.SZ"
"229",2.99573227355399,4.19970507787993,2.30558060197384,0.1967,0,1,0,0,0,18.0314103812371,20,2,"300467.SZ"
"230",2.83321334405622,3.87280229227486,2.02419306744936,0.2715,0,1,0,0,0,18.0025970309055,17,1,"300468.SZ"
"231",2.70805020110221,3.77695835770249,1.51292701205326,0.2555,0,0,1,0,0,11.9863231835053,15,4,"300469.SZ"
"232",2.30258509299405,3.48236515977127,2.64191039859766,0.3336,0,0,1,0,0,7.78754457323695,10,3,"300470.SZ"
"233",2.19722457733622,3.29246418152569,2.90142159408275,0.5263,0,0,1,0,0,6.35252160860497,9,3,"300471.SZ"
"234",2.39789527279837,3.41126589586343,1.65822807660353,0.3514,0,0,1,0,0,10.3265870018335,11,1,"300472.SZ"
"235",2.19722457733622,4.29768548624013,2.63905732961526,0.5936,0,0,1,0,0,7.80634648424112,9,2,"300473.SZ"
"236",2.99573227355399,3.16498143864303,1.77495235091167,0.0484,0,0,0,0,0,14.8005212159884,20,6,"300474.SZ"
"237",2.484906649788,3.5267606046375,1.5993875765806,0.2734,0,0,1,0,0,11.1235048580563,12,1,"300475.SZ"
"238",2.39789527279837,4.09625530389799,2.03208784529637,0.461,0,0,1,0,0,9.72137389547427,11,2,"300476.SZ"
"239",2.484906649788,3.70438364064989,1.81156209652423,0.2364,0,0,1,0,0,10.9129034550605,12,2,"300477.SZ"
"240",2.484906649788,4.4230486091968,1.92278773163446,0.271,0,0,1,0,0,11.6129366902864,12,1,"300478.SZ"
"241",2.63905732961526,4.89285225843987,1.52169899812609,0.276,0,0,1,0,0,14.1097503578923,14,0,"300479.SZ"
"242",3.13549421592915,3.77018382691751,1.54329810992956,0.1599,0,0,1,0,0,12.4290522852974,23,11,"300480.SZ"
"243",1.79175946922805,3.00578260940749,1.54543258245819,0.4675,0,0,1,0,0,9.47644532944786,6,3,"300481.SZ"
"244",2.63905732961526,3.70704342474161,2.10778601468898,0.3894,0,0,1,0,0,9.25082410972432,14,5,"300482.SZ"
"245",2.39789527279837,3.05555076876491,1.82616089594539,0.3154,0,0,1,0,0,9.43741872026048,11,2,"300483.SZ"
"246",2.99573227355399,3.21791474838864,2.13060982825424,0.0237,0,0,0,0,0,13.5425542170121,20,7,"300484.SZ"
"247",1.79175946922805,2.80787053638443,2.66722820658195,0.3663,0,0,1,0,0,6.83822177840409,6,0,"300485.SZ"
"248",1.6094379124341,3.26968415319386,1.53255686809814,0.3668,0,0,1,0,0,10.4175608298983,5,5,"300486.SZ"
"249",2.30258509299405,2.89137225822975,2.07944154167984,0.4727,0,0,1,0,0,7.87941791576589,10,3,"300487.SZ"
"250",1.6094379124341,3.69771130598175,2.15176220325946,0.1512,0,0,1,0,0,10.236997220182,5,5,"300488.SZ"
"251",2.39789527279837,3.63319054825335,2.18230268651097,0.4137,0,0,1,0,0,8.83156711812835,11,3,"300489.SZ"
"252",2.63905732961526,3.06187207605854,1.66581824587021,0.1691,0,0,0,0,0,14.1968012863462,14,0,"300490.SZ"
"253",2.70805020110221,4.04555439805267,1.52822785700856,0.1751,0,0,0,0,0,17.2413891668111,15,2,"300491.SZ"
"254",2.83321334405622,3.81148177620625,1.20896034583698,0.1883,0,0,0,0,0,18.2112485287595,17,1,"300492.SZ"
"255",3.09104245335832,3.40119738166217,1.31103187661934,0.147,0,0,0,0,0,16.8814608695346,22,6,"300493.SZ"
"256",2.63905732961526,3.7578723256009,1.88858365386359,0.1854,0,0,0,0,0,14.6772541927099,14,0,"300494.SZ"
"257",2.56494935746154,2.96623160915729,2.61885462229774,0.2913,0,0,0,0,0,9.83183927911159,13,4,"300495.SZ"
"258",3.04452243772342,3.29133899660192,2.19833507162025,0.2368,0,0,0,0,0,12.092520279797,21,9,"300496.SZ"
"259",2.70805020110221,2.39445674686593,2.02154756326093,0.1627,0,0,0,0,0,11.4931509096132,15,4,"300497.SZ"
"260",2.56494935746154,2.49763275515607,2.04381436403668,0.0231,0,0,0,0,0,12.4200203810211,13,1,"300499.SZ"
"261",2.39789527279837,2.97776138823275,2.28136145654242,0.023,0,0,0,0,0,12.4540883918861,11,1,"300500.SZ"
"262",2.39789527279837,3.00927649866174,2.27521389619791,0.0222,0,0,0,0,0,12.5446252113308,11,1,"300501.SZ"
"263",2.39789527279837,2.99573227355399,2.43973493114128,0.0267,0,0,0,0,0,11.8750319850924,11,0,"300502.SZ"
"264",2.63905732961526,2.89650251262649,1.82776990675109,0.0471,0,0,0,0,0,13.9681554801265,14,1,"300503.SZ"
"265",2.39789527279837,2.73848733328808,1.79674701073909,0.0457,0,0,0,0,0,13.7645508962085,11,2,"300505.SZ"
"266",2.70805020110221,2.95651156040071,1.39376637595859,0.0484,0,0,0,0,0,16.1009893054574,15,1,"300506.SZ"
"267",2.19722457733622,2.89949543591987,2.33698651971138,0.0221,0,0,0,0,0,12.0984312568652,9,3,"300507.SZ"
"268",2.70805020110221,3.61864651708281,1.96009478404727,0.0319,0,0,0,0,0,15.1398606230479,15,0,"300508.SZ"
"269",2.39789527279837,2.98994902879826,1.9154509415706,0.0246,0,0,0,0,0,13.9510958363118,11,2,"300509.SZ"
"270",2.30258509299405,3.52819707242345,1.84687876844913,0.0391,0,0,0,0,0,15.3995035724669,10,5,"300510.SZ"
"271",2.19722457733622,3.48797605845584,2.08567209143047,0.0475,0,0,0,0,0,14.1620495329632,9,5,"300511.SZ"
"272",2.484906649788,2.77713831521984,2.1621729392773,0.0461,0,0,0,0,0,12.3761247634486,12,0,"300512.SZ"
"273",3.09104245335832,2.73724993874906,1.88858365386359,0.0236,0,0,0,0,0,13.5242764034288,22,9,"300513.SZ"
"274",2.94443897916644,3.19868111758268,1.41342302850814,0.039,0,0,0,0,0,16.7029350070786,19,3,"300515.SZ"
"275",2.89037175789616,2.9912091848264,2.14241634084122,0.0429,0,0,0,0,0,12.898661379921,18,6,"300516.SZ"
"276",2.83321334405622,3.13823233616127,1.68082790852077,0.0371,0,0,0,0,0,15.2544218060846,17,2,"300517.SZ"
"277",2.94443897916644,2.91921564865272,2.31550131826059,0.0385,0,0,0,0,0,12.119011110711,19,7,"300518.SZ"
"278",3.04452243772342,3.63042188454237,1.87333945622048,0.0235,0,0,0,0,0,15.641516501822,21,6,"300519.SZ"
"279",3.04452243772342,3.3462152472448,1.61342993370364,0.0353,0,0,0,0,0,16.1063209861237,21,5,"300520.SZ"
"280",2.83321334405622,3.77226106305299,1.65632149833295,0.0219,0,0,0,0,0,17.1106468627263,17,0,"300521.SZ"
"281",1.38629436111989,3.08804754246447,2.03339760317843,0.0204,0,0,0,0,0,13.6924110641313,4,9,"300522.SZ"
"282",2.94443897916644,4.07454193492592,2.18829594659192,0.0208,0,0,0,0,0,15.248665442695,19,4,"300523.SZ"
"283",3.09104245335832,3.1814279373027,1.75958057086382,0.0191,0,0,0,0,0,15.1238964405912,22,7,"300525.SZ"
"284",2.94443897916644,3.55065321718521,1.67896397508271,0.0367,0,0,0,0,0,16.2909655081413,19,3,"300526.SZ"
"285",2.77258872223978,3.76514652694017,1.26129787094521,0.0751,0,0,0,0,0,18.8012340540363,16,2,"300527.SZ"
"286",2.77258872223978,3.2284539462417,1.71918877639322,0.0522,0,0,0,0,0,15.1792892056465,16,1,"300528.SZ"
"287",2.89037175789616,3.36610606185087,0.867100487683383,0.0498,0,0,0,0,0,20.1753835770041,18,2,"300529.SZ"
"288",2.94443897916644,3.75379900021327,1.81482474215905,0.0182,0,0,0,0,0,16.2797583927145,19,3,"300530.SZ"
"289",2.94443897916644,3.1349943408875,1.81319474994812,0.0194,0,0,0,0,0,14.7663302139591,19,5,"300531.SZ"
"290",2.77258872223978,3.60664135587697,2.09309786812732,0.0318,0,0,0,0,0,14.5071797684494,16,2,"300532.SZ"
"291",2.56494935746154,3.76360300030987,2.59001713419062,0.0318,0,0,0,0,0,12.7657946453909,13,1,"300533.SZ"
"292",2.484906649788,3.34080623534679,2.02154756326093,0.0292,0,0,0,0,0,14.2392963104091,12,2,"300534.SZ"
"293",2.77258872223978,3.07510586109551,2.24707238306379,0.0171,0,0,0,0,0,12.8172868664281,16,4,"300535.SZ"
"294",2.70805020110221,4.95840099161846,1.54756250871601,0.0296,0,0,0,0,0,21.2468529800101,15,6,"300536.SZ"
"295",2.77258872223978,3.34353242946776,1.49738840862548,0.0311,0,0,0,0,0,16.7178209163621,16,0,"300537.SZ"
"296",2.77258872223978,2.85771097565662,1.90210752639692,0.0159,0,0,0,0,0,13.7779488104362,16,3,"300538.SZ"
"297",2.89037175789616,4.05918064976442,1.24415459395877,0.0319,0,0,0,0,0,20.2184750540137,18,2,"300539.SZ"
"298",2.63905732961526,3.63061054598996,2.002830439308,0.0182,0,0,0,0,0,15.0711025000681,14,1,"300540.SZ"
"299",2.77258872223978,3.60013624427955,1.7281094421516,0.0319,0,0,0,0,0,16.2104631742966,16,0,"300541.SZ"
"300",2.94443897916644,3.80868226650595,1.77833644889591,0.0297,0,0,0,0,0,16.5132150887885,19,3,"300542.SZ"
"301",2.56494935746154,3.7578723256009,2.18717424148272,0.0163,0,0,0,0,0,14.5435012308877,13,1,"300543.SZ"
"302",2.89037175789616,3.77248055115883,1.8196988379173,0.0174,0,0,0,0,0,16.3096886479941,18,2,"300545.SZ"
"303",2.89037175789616,3.58501931383134,2.26695791535089,0.0148,0,0,0,0,0,13.820368534703,18,5,"300546.SZ"
"304",2.56494935746154,3.28203291489105,2.28340227357727,0.0154,0,0,0,0,0,13.105965505506,13,0,"300547.SZ"
"305",2.94443897916644,3.43680199926739,1.79342474854712,0.0283,0,0,0,0,0,15.512156500771,19,4,"300548.SZ"
"306",2.77258872223978,4.28328666682162,1.80335860507141,0.016,0,0,0,0,0,17.7775097649597,16,1,"300549.SZ"
"307",2.94443897916644,3.41124771751566,1.71199450075919,0.0174,0,0,0,0,0,15.9255646985183,19,4,"300550.SZ"
"308",2.94443897916644,3.54505265762832,1.870262530716,0.0168,0,0,0,0,0,15.4977490493863,19,4,"300551.SZ"
"309",2.83321334405622,3.32413230931657,1.84054963339749,0.03,0,0,0,0,0,15.0078301525565,17,2,"300552.SZ"
"310",2.94443897916644,3.61717913994876,1.82616089594539,0.0137,0,0,0,0,0,15.9126502266587,19,4,"300553.SZ"
"311",2.70805020110221,3.15825120305177,1.96850998097255,0.0172,0,0,0,0,0,14.1454152167105,15,1,"300555.SZ"
"312",3.25809653802148,3.95784097225035,1.23837423104327,0.03,0,0,0,0,0,19.9520940246858,26,7,"300556.SZ"
"313",2.94443897916644,3.54564528602803,2.02551319965428,0.0147,0,0,0,0,0,14.7927351395096,19,5,"300557.SZ"
"314",2.70805020110221,4.4550695082053,1.01160091167848,0.0415,0,0,0,0,0,23.0046528107104,15,8,"300558.SZ"
"315",2.63905732961526,3.80666248977033,1.98100146886658,0.0161,0,0,0,0,0,15.6151784249028,14,1,"300559.SZ"
"316",2.94443897916644,3.31020080156157,1.77155676191054,0.0159,0,0,0,0,0,15.4012290652982,19,4,"300560.SZ"
"317",2.70805020110221,3.66070857714723,2.32042501112238,0.0142,0,0,0,0,0,13.76241066355,15,2,"300561.SZ"
"318",2.89037175789616,3.44964976504809,2.05668455455722,0.0142,0,0,0,0,0,14.4354111237678,18,4,"300562.SZ"
"319",2.99573227355399,3.57555076880693,1.57897870494939,0.0165,0,0,0,0,0,17.0320755427648,20,3,"300563.SZ"
"320",2.63905732961526,3.52311081066105,1.46093790411566,0.0335,0,0,0,0,0,17.3707674032013,14,3,"300565.SZ"
"321",2.63905732961526,3.53544690717212,1.85473426838944,0.0166,0,0,0,0,0,15.5498001965286,14,1,"300566.SZ"
"322",2.63905732961526,3.42651518964644,2.06939120582633,0.016,0,0,0,0,0,14.3142970279674,14,0,"300567.SZ"
"323",2.484906649788,3.86720898963834,2.27624111765444,0.028,0,0,0,0,0,14.3149744048712,12,2,"300568.SZ"
"324",2.30258509299405,3.15183623535484,2.84665205053984,0.0261,0,0,0,0,0,10.7441434030117,10,0,"300569.SZ"
"325",2.30258509299405,3.86670325220106,2.09309786812732,0.0308,0,0,0,0,0,15.1212718158583,10,5,"300570.SZ"
"326",2.99573227355399,3.77226106305299,1.73518911773966,0.0117,0,0,0,0,0,16.784565323234,20,4,"300571.SZ"
"327",2.63905732961526,3.41801466748825,1.92278773163446,0.0142,0,0,0,0,0,14.9665805913959,14,0,"300572.SZ"
"328",3.04452243772342,3.65660589356364,1.79342474854712,0.0151,0,0,0,0,0,16.1625296251774,21,5,"300573.SZ"
"329",2.07944154167984,3.54450784693655,2.4706386779903,0.0147,0,0,0,0,0,12.9004252897842,8,4,"300575.SZ"
"330",2.70805020110221,3.17008566069877,1.50407739677627,0.015,0,0,0,0,0,16.3618879697603,15,1,"300576.SZ"
"331",2.30258509299405,2.86490399115025,2.0515563381903,0.014,0,0,0,0,0,13.1870429036698,10,3,"300577.SZ"
"332",2.484906649788,3.05760767727208,1.69927861643389,0.0151,0,0,0,0,0,15.1384851694918,12,3,"300579.SZ"
"333",2.56494935746154,3.77187637368491,2.33020026002702,0.0123,0,0,0,0,0,13.9765383686085,13,0,"300581.SZ"
"334",2.19722457733622,3.25293412864076,1.85473426838944,0.0291,0,0,0,0,0,14.7824197666823,9,5,"300582.SZ"
"335",2.56494935746154,3.79423996977176,1.5953389880546,0.0151,0,0,0,0,0,17.552743777481,13,4,"300585.SZ"
"336",2.07944154167984,3.28758302053186,1.49290409617815,0.1021,0,0,0,1,1,7.45163161660635,8,1,"600908.SH"
"337",1.79175946922805,3.16961850792686,1.15688119679209,0.2695,0,0,0,1,0,12.8963082069351,6,6,"600909.SH"
"338",2.07944154167984,1.24241604201382,0.688134638736401,0.8767,0,0,0,1,0,8.17342656443759,8,0,"600917.SH"
"339",1.38629436111989,0.078822553523743,1.83418018511201,0.4673,0,0,0,1,1,3.3866833849822,4,1,"600919.SH"
"340",1.38629436111989,1.93018270921141,2.6616571615325,0.128,0,0,0,1,1,4.14964356692248,4,0,"600926.SH"
"341",2.39789527279837,3.33003087423436,0.182321556793955,0.1535,0,0,0,1,0,18.8803066389422,11,7,"600936.SH"
"342",1.6094379124341,3.7313486378391,1.67335123817775,1.6235,0,1,0,1,0,8.13109712446722,5,3,"600958.SH"
"343",3.04452243772342,3.16592665763899,1.37371557891303,1.239,0,1,0,1,0,9.83865081083936,21,12,"600959.SH"
"344",2.484906649788,3.25415911783136,1.56024766824333,0.2203,0,0,0,1,0,11.8272095998174,12,1,"600977.SH"
"345",1.79175946922805,3.28404946828817,1.27536280041261,0.0973,0,0,0,1,0,13.772008569555,6,7,"600996.SH"
"346",2.19722457733622,2.18776941856543,1.46787434811231,1.2774,0,0,0,1,0,6.13969175230539,9,3,"601015.SH"
"347",2.39789527279837,1.4982892530085,0.559615787935423,0.7042,0,0,0,1,0,9.62985294599798,11,2,"601016.SH"
"348",2.30258509299405,3.00345431964789,0.99694863489161,0.0713,0,0,0,1,0,14.5359370686071,10,4,"601020.SH"
"349",2.30258509299405,1.77136877958032,2.46300181439995,0.6524,0,0,0,1,0,5.74683919040605,10,5,"601021.SH"
"350",2.56494935746154,2.28293809561022,0.916290731874155,0.7598,0,0,0,1,0,9.50492103729756,13,4,"601069.SH"
"351",2.89037175789616,3.05276685605206,1.31908561142644,0.1102,0,0,0,1,0,13.0198811449524,18,5,"601127.SH"
"352",1.94591014905531,3.00175559719419,1.44926916028128,0.1152,0,0,0,1,1,7.17360945909052,7,0,"601128.SH"
"353",1.6094379124341,2.97899315754971,2.1938856760707,0.1101,0,0,0,1,0,9.83802865087549,5,4,"601163.SH"
"354",1.94591014905531,3.51123548687109,1.56024766824333,1.4416,0,0,0,1,0,6.78530139544695,7,1,"601198.SH"
"355",1.09861228866811,1.99795982951696,2.24070968927596,1.5742,0,0,1,1,0,3.05254622651377,3,0,"601211.SH"
"356",1.79175946922805,2.48171175889148,1.47017584510059,0.6765,0,0,0,1,0,8.61658662209701,6,2,"601226.SH"
"357",0.693147180559945,2.46829004008271,2.87582197688143,0.2301,0,0,0,1,1,4.0236531636043,2,2,"601229.SH"
"358",2.30258509299405,4.26772660397724,1.17557332980424,0.2955,0,0,1,1,0,11.300224301793,10,1,"601368.SH"
"359",2.19722457733622,3.31292812844439,1.19392246847243,0.0974,0,0,0,1,0,14.1844889893065,9,5,"601500.SH"
"360",2.19722457733622,1.35173835697828,1.19694818938897,0.4914,0,0,0,1,0,8.58425465131604,9,1,"601579.SH"
"361",2.56494935746154,3.6894357585552,1.50851199384414,0.0641,0,0,0,1,0,13.8891754416487,13,0,"601595.SH"
"362",2.77258872223978,2.53730732401162,1.08856195281461,0.2798,0,0,0,1,0,11.8612700884308,16,5,"601611.SH"
"363",1.6094379124341,2.41248295458871,1.48613969608961,1.1352,0,1,0,1,0,8.87964502799002,5,3,"601689.SH"
"364",2.63905732961526,2.81904911332983,1.81645208181843,0.0797,0,0,0,1,0,10.9332118693794,14,4,"601811.SH"
"365",3.36729582998647,3.61589964957442,0.683096844706444,0.0496,0,0,0,1,0,17.8157891726976,29,12,"601882.SH"
"366",2.30258509299405,2.5225403556064,1.47932922708708,0.1329,0,0,0,1,0,11.2757435170164,10,1,"601900.SH"
"367",2.19722457733622,3.03722115706195,1.74221902366792,0.1351,0,0,0,1,0,11.2675975125987,9,2,"601966.SH"
"368",2.56494935746154,3.87357165905386,0.854415328156068,0.453,0,0,1,1,0,10.853351640076,13,3,"601968.SH"
"369",1.38629436111989,1.6098210146829,0.871293365943419,1.797,0,0,0,1,0,5.22420702739293,4,1,"601969.SH"
"370",2.484906649788,3.96087369571604,0.824175442966349,1.6319,0,0,1,1,0,6.24678088586269,12,6,"601985.SH"
"371",1.79175946922805,2.85772839741116,2.06178660644112,0.2239,0,0,0,1,1,5.50995996759281,6,1,"601997.SH"
"372",1.79175946922805,-1.88803168478215,1.77495235091167,1.3187,1,0,0,1,0,2.03816278449339,6,4,"603005.SH"
"373",2.07944154167984,0.51011754118231,1.83896107071235,0.4365,0,0,0,1,0,6.34062100976452,8,2,"603006.SH"
"374",2.63905732961526,3.35150807162067,1.73695123273306,0.038,0,0,0,1,0,12.4343023598536,14,2,"603007.SH"
"375",2.39789527279837,1.19911025500304,1.32175583998232,0.2809,0,0,0,1,0,8.93794881142393,11,3,"603009.SH"
"376",1.79175946922805,1.49968704847498,1.5953389880546,0.4921,0,0,0,1,0,7.77218616233074,6,1,"603010.SH"
"377",2.94443897916644,2.41041779779726,1.12817109090965,0.5472,0,0,0,1,0,10.0804727009103,19,9,"603011.SH"
"378",1.38629436111989,2.14485146415282,1.90954250488444,1.2202,0,1,0,1,0,7.17126585228418,4,3,"603012.SH"
"379",1.6094379124341,2.4789364828015,1.61342993370364,0.7136,0,1,0,1,0,10.6008366521313,5,5,"603015.SH"
"380",2.70805020110221,3.13590995685836,1.61938824328727,0.0478,0,0,0,1,0,12.4014432067529,15,3,"603016.SH"
"381",1.09861228866811,1.55431861321304,2.54553127160444,0.5467,0,0,0,1,0,5.70136434892291,3,2,"603017.SH"
"382",1.38629436111989,1.6791178330721,2.69056488676119,0.753,0,0,0,1,0,5.02852899954157,4,1,"603018.SH"
"383",2.99573227355399,2.45495957342004,1.28923264827676,0.5242,0,0,0,1,0,9.77064668251836,20,11,"603019.SH"
"384",1.38629436111989,2.84301118653633,2.30558060197384,1.1603,0,1,0,1,0,7.29864056704688,4,3,"603020.SH"
"385",2.30258509299405,1.76264207065732,1.85941811770187,0.4677,0,1,0,1,0,9.90038471556894,10,1,"603021.SH"
"386",2.70805020110221,3.47376807449699,1.22671229129543,0.3608,0,1,0,1,0,16.5871827968787,15,1,"603022.SH"
"387",2.70805020110221,2.97592964625781,1.54968790802833,0.2644,0,1,0,1,0,14.5569710457351,15,1,"603023.SH"
"388",2.19722457733622,2.05693591948003,1.16002091679675,0.6184,0,1,0,1,0,11.9431747797816,9,2,"603025.SH"
"389",2.63905732961526,3.32669485436423,1.84371920815877,0.2956,0,1,0,1,0,13.8433458454878,14,1,"603026.SH"
"390",2.19722457733622,2.33834181270616,1.61740608208328,0.0533,0,0,0,1,0,10.9144369002062,9,1,"603027.SH"
"391",2.89037175789616,2.77814033585306,0.712949807856125,0.0612,0,0,0,1,0,15.3831510423063,18,3,"603028.SH"
"392",2.484906649788,2.42020747317575,1.9823798288367,0.0448,0,0,0,1,0,9.92493588154156,12,3,"603029.SH"
"393",2.39789527279837,2.54147700127639,1.58514521986506,0.8299,0,1,0,1,0,10.2032179485104,11,1,"603030.SH"
"394",2.70805020110221,3.10109278921182,1.90508815453506,0.0198,0,0,0,1,0,11.4530666942231,15,4,"603031.SH"
"395",2.30258509299405,3.15251490143825,2.4706386779903,0.0291,0,0,0,1,0,9.66141614025677,10,1,"603033.SH"
"396",2.39789527279837,3.32436747946792,1.52822785700856,0.037,0,0,0,1,0,13.2072991573884,11,2,"603036.SH"
"397",2.63905732961526,3.47910763976561,0.548121408509688,0.0409,0,0,0,1,0,18.2512182781006,14,4,"603058.SH"
"398",2.63905732961526,3.53732955598674,1.35840915763035,0.0432,0,0,0,1,0,14.3456186829269,14,0,"603060.SH"
"399",2.39789527279837,3.78099474302174,1.89911798754855,0.2574,0,0,1,1,0,8.53812057694467,11,3,"603066.SH"
"400",2.484906649788,3.35897418746266,1.52822785700856,0.0448,0,0,0,1,0,13.229038448975,12,1,"603067.SH"
"401",2.83321334405622,3.16048750663005,1.12167756159911,0.0755,0,0,0,1,0,14.3107260077404,17,3,"603069.SH"
"402",2.484906649788,2.46275384514687,1.30833281965018,0.2724,0,0,1,1,0,8.25623865496317,12,4,"603085.SH"
"403",2.77258872223978,2.21183072972558,1.69009581545155,0.448,0,0,0,1,0,8.6293631829366,16,8,"603088.SH"
"404",2.83321334405622,3.4673371841667,1.43508452528932,0.0325,0,0,0,1,0,13.930685171291,17,4,"603090.SH"
"405",2.07944154167984,3.16329840738508,1.30019166206648,0.0483,0,0,0,1,0,13.7344592674683,8,5,"603098.SH"
"406",2.39789527279837,1.01754738551956,0.982078472412158,0.3683,0,0,0,1,0,9.23826708939489,11,2,"603099.SH"
"407",1.79175946922805,1.4093664874077,1.40854497005471,0.8948,0,0,0,1,0,6.66666032895046,6,0,"603100.SH"
"408",2.07944154167984,2.40779747147658,1.53471436623816,0.0605,0,0,0,1,0,11.2786152934183,8,3,"603101.SH"
"409",2.70805020110221,3.11245654786213,2.18492704952581,0.2799,0,1,0,1,0,12.1451844179936,15,3,"603108.SH"
"410",1.94591014905531,1.34909718558663,1.11185751541813,0.6514,0,0,0,1,0,8.14614671207179,7,1,"603111.SH"
"411",1.6094379124341,2.07131141559655,1.86717610851281,0.7693,0,0,1,1,0,5.13014096787211,5,0,"603116.SH"
"412",1.94591014905531,3.05760767727208,1.14103300455206,0.3062,0,0,1,1,0,9.38922087096178,7,2,"603117.SH"
"413",1.94591014905531,2.51908410158959,1.98787434815435,0.9299,0,0,0,1,0,6.53323833585905,7,1,"603118.SH"
"414",2.30258509299405,0.992803998276354,1.14422279992016,0.85,0,0,0,1,0,6.92081403527089,10,4,"603126.SH"
"415",3.09104245335832,3.05650190588394,1.70656462316482,0.0417,0,0,0,1,0,11.9592936767612,22,11,"603131.SH"
"416",1.6094379124341,2.08659114880496,1.85785927093258,0.9024,0,1,0,1,0,8.43087816676018,5,3,"603158.SH"
"417",2.94443897916644,3.06916355163987,1.22082992139236,0.0345,0,0,0,1,0,13.9598535328388,19,6,"603159.SH"
"418",2.99573227355399,3.43509893333784,1.4747630091075,0.0485,0,0,0,1,0,13.5857300955045,20,7,"603160.SH"
"419",2.484906649788,1.63859449672555,0.741937344729377,0.2985,0,0,0,1,0,11.3476757253343,12,1,"603166.SH"
"420",2.30258509299405,1.33476058494252,2.31253542384721,0.7623,0,0,0,1,0,5.32508645960382,10,5,"603168.SH"
"421",3.13549421592915,1.63168352138142,0.46373401623214,0.614,0,0,0,1,0,10.5841420057872,23,13,"603169.SH"
"422",1.6094379124341,1.34653960256005,2.1540850846756,1.2142,0,0,0,1,0,4.49228539689671,5,1,"603188.SH"
"423",2.77258872223978,3.34313358070739,1.19694818938897,0.045,0,0,0,1,0,14.6078070648079,16,2,"603189.SH"
"424",2.484906649788,3.18206185174548,1.45861502269952,0.7001,0,1,0,1,0,12.5013617208631,12,0,"603198.SH"
"425",2.30258509299405,2.85697611451733,2.00955541421567,0.7221,0,1,0,1,0,9.92138021778377,10,1,"603199.SH"
"426",2.70805020110221,3.34609179807484,1.88706964903238,0.03,0,0,0,1,0,11.9103734984331,15,4,"603203.SH"
"427",1.6094379124341,2.53676493045114,1.79508725932073,0.0396,0,0,0,1,0,10.7345584215221,5,5,"603218.SH"
"428",2.19722457733622,2.14558134418438,1.44456326924387,0.5392,0,0,0,1,0,8.80763683717992,9,1,"603222.SH"
"429",1.79175946922805,2.86482097705216,1.50407739677627,0.3463,0,0,1,1,0,7.98948838503317,6,1,"603223.SH"
"430",3.04452243772342,3.16970986755403,0.912282710476616,0.2977,0,1,0,1,0,17.9589621923346,21,4,"603227.SH"
"431",1.79175946922805,2.85196971036371,2.15986879079245,0.0281,0,0,0,1,0,10.1423160159168,6,4,"603239.SH"
"432",2.70805020110221,2.91827752714987,1.78507048107726,0.0454,0,0,0,1,0,11.4023282950045,15,4,"603258.SH"
"433",1.79175946922805,1.9278916435526,1.75267208052001,0.5891,0,1,0,1,0,9.89600015183142,6,3,"603268.SH"
"434",1.79175946922805,3.10551314027105,1.58719230348678,0.0575,0,0,0,1,0,12.4059545656664,6,6,"603298.SH"
"435",2.63905732961526,2.86861026611465,1.24415459395877,0.2472,0,0,0,1,0,12.1048158279404,14,2,"603299.SH"
"436",2.63905732961526,3.61052327964779,1.60140574073684,0.3722,0,1,0,1,0,15.0224104667091,14,1,"603300.SH"
"437",1.79175946922805,1.15654411075482,1.77664583141801,0.2977,0,0,0,1,0,7.65764375758531,6,1,"603306.SH"
"438",2.07944154167984,3.48024058900261,1.96990565461153,0.6096,0,1,0,1,0,11.7044900106414,8,3,"603309.SH"
"439",3.04452243772342,2.90302287544972,0.936093359170335,0.2996,0,1,0,1,0,17.0787543750336,21,4,"603311.SH"
"440",1.94591014905531,2.98199374744347,1.86252854011626,0.0461,0,0,0,1,0,11.242786534471,7,4,"603313.SH"
"441",2.07944154167984,2.10373423424888,1.7630170003624,0.4717,0,1,0,1,0,10.7398591125514,8,2,"603315.SH"
"442",3.13549421592915,2.20757698236584,0.867100487683383,0.3188,0,1,0,1,0,15.4883612747017,23,8,"603318.SH"
"443",2.70805020110221,3.29792010215593,1.89911798754855,0.028,0,0,0,1,0,11.788175034255,15,4,"603319.SH"
"444",2.89037175789616,3.61191841297781,1.72455071953461,0.0224,0,0,0,1,0,13.1038675592776,18,5,"603322.SH"
"445",2.07944154167984,2.66876050102193,1.9154509415706,0.0671,0,0,0,1,1,6.03915366863598,8,2,"603323.SH"
"446",1.6094379124341,0.180870609926649,2.00552585872967,1.7008,0,0,0,1,0,3.0858318427995,5,2,"603328.SH"
"447",2.63905732961526,3.98509357330464,1.66959183525385,0.0336,0,0,0,1,0,14.0568373733102,14,0,"603336.SH"
"448",1.38629436111989,2.06054430149843,2.5152741864044,0.3603,0,1,0,1,0,8.93984871154867,4,4,"603338.SH"
"449",2.63905732961526,2.4089347071478,1.74221902366792,0.0574,0,0,0,1,0,10.6002412196764,14,4,"603339.SH"
"450",2.77258872223978,2.80935391606443,1.72988406550997,0.3951,0,1,0,1,0,12.5873451138903,16,4,"603355.SH"
"451",1.79175946922805,2.50919934235705,2.25654115449264,0.4009,0,0,0,1,0,7.77610568954099,6,1,"603368.SH"
"452",1.09861228866811,0.269440205244227,1.8229350866965,1.0594,0,0,0,1,0,4.52641281811005,3,1,"603369.SH"
"453",2.30258509299405,1.33379299674283,1.20896034583698,0.0734,0,0,0,1,0,10.4588547145156,10,0,"603377.SH"
"454",2.19722457733622,3.51855356389512,1.30833281965018,0.0392,0,0,0,1,0,14.5532939480626,9,5,"603389.SH"
"455",1.94591014905531,3.02053739247296,2.34180580614733,0.0393,0,0,0,1,0,9.79560263227018,7,2,"603393.SH"
"456",2.99573227355399,3.06472514504094,1.64093657949347,0.2318,0,0,0,1,0,11.1358120595602,20,9,"603398.SH"
"457",2.19722457733622,3.65365076223021,1.98924327376169,0.0272,0,0,0,1,0,12.1320744765509,9,3,"603416.SH"
"458",2.19722457733622,3.14639442173387,1.37118072330984,0.0458,0,0,0,1,0,13.4189064026565,9,4,"603421.SH"
"459",1.6094379124341,1.63398619363937,1.99333884262642,0.7484,0,0,0,1,0,6.19894296040638,5,1,"603456.SH"
"460",2.484906649788,3.19412223852701,2.59151638484626,0.3997,0,0,0,1,0,7.81993027903559,12,5,"603508.SH"
"461",2.30258509299405,2.91941000599436,1.51072193949494,0.0564,0,0,0,1,0,12.3403978504177,10,2,"603515.SH"
"462",1.6094379124341,2.04216685046365,2.06812778177956,0.6401,0,0,0,1,0,6.81128387451472,5,1,"603518.SH"
"463",1.79175946922805,2.33304430047875,2.00012773496011,0.5735,0,1,0,1,0,9.85107940869796,6,3,"603519.SH"
"464",2.30258509299405,2.72311307877926,1.83258146374831,0.0487,0,0,0,1,0,10.8793846554679,10,0,"603520.SH"
"465",2.89037175789616,2.86611720846942,1.63119940421561,0.0588,0,0,0,1,0,11.7789334608097,18,7,"603528.SH"
"466",0,-4.40523285949772,1.22082992139236,2.287,1,0,0,1,0,1.01308881136382,1,0,"603555.SH"
"467",1.94591014905531,3.41450603446472,2.34180580614733,0.0579,0,0,0,1,0,10.328645012983,7,3,"603556.SH"
"468",1.79175946922805,1.73443440260879,2.12823170584927,0.6835,0,0,0,1,0,6.23673976352974,6,0,"603558.SH"
"469",2.77258872223978,4.43811610132491,1.70110510095992,0.0347,0,0,0,1,0,14.9433209461401,16,2,"603559.SH"
"470",2.70805020110221,2.29834409873679,2.05027016437956,0.5059,0,1,0,1,0,9.97131832520732,15,6,"603566.SH"
"471",1.94591014905531,2.70696686121447,2.11384296839717,0.8283,0,1,0,1,0,8.91017822256265,7,1,"603567.SH"
"472",2.63905732961526,3.28195980029479,1.14740245283754,0.4607,0,1,0,1,0,15.7054025035739,14,1,"603568.SH"
"473",2.484906649788,3.27701977204232,1.30833281965018,0.0508,0,0,0,1,0,13.9308166399665,12,1,"603569.SH"
"474",2.30258509299405,3.00468241935807,1.9213246735827,0.0298,0,0,0,1,0,11.169662842067,10,1,"603577.SH"
"475",2.07944154167984,3.4015974616835,2.55412171880947,0.0274,0,0,0,1,0,9.80187426424621,8,1,"603585.SH"
"476",1.6094379124341,1.68259431919107,2.30956070673047,0.4085,0,0,0,1,0,6.69150461910587,5,1,"603588.SH"
"477",1.6094379124341,2.44568593663472,1.66392609771817,0.6946,0,0,1,1,0,6.00740639211934,5,1,"603589.SH"
"478",2.94443897916644,3.78119472302439,1.38128181929635,0.1691,0,1,0,1,0,18.2318158118452,19,1,"603598.SH"
"479",2.77258872223978,2.51642231656688,2.40784560365154,0.3158,0,1,0,1,0,10.1457111962148,16,6,"603599.SH"
"480",2.30258509299405,1.72822144842407,1.55180879959746,0.4525,0,0,0,1,0,8.3249157042876,10,2,"603600.SH"
"481",2.484906649788,2.07240751502243,1.43270073393405,0.4407,0,0,0,1,0,9.16887193213532,12,3,"603601.SH"
"482",1.94591014905531,1.86006882392835,1.66203036255327,0.4901,0,0,0,1,0,8.06732762414081,7,1,"603606.SH"
"483",2.07944154167984,2.48005557814293,1.63315443905142,0.0769,0,0,0,1,0,10.9797898817029,8,2,"603608.SH"
"484",1.6094379124341,1.05735039091947,1.35325450704169,0.5112,0,0,0,1,0,7.7360030853853,5,2,"603609.SH"
"485",1.94591014905531,2.00248050054371,2.25339484880327,0.755,0,0,0,1,0,6.04570488169843,7,1,"603611.SH"
"486",2.39789527279837,3.32459991078999,1.71739505393919,0.3292,0,0,1,1,0,8.11244177887745,11,3,"603616.SH"
"487",1.79175946922805,1.87273982347754,1.89311196348834,1.1181,0,0,0,1,0,5.54176415650791,6,1,"603618.SH"
"488",2.89037175789616,3.36959824587746,1.67335123817775,0.0313,0,0,0,1,0,12.7573902144945,18,6,"603633.SH"
"489",2.07944154167984,1.88124663572959,2.00821403239147,0.396,0,0,0,1,0,7.62002041534787,8,1,"603636.SH"
"490",2.484906649788,3.18441688887748,1.23547147138531,0.0497,0,0,0,1,0,14.0472550305534,12,2,"603658.SH"
"491",2.63905732961526,3.89222037813197,1.36863942588117,0.0341,0,0,0,1,0,15.1902690080871,14,1,"603660.SH"
"492",2.99573227355399,3.06196124405747,1.05431202977153,0.042,0,0,0,1,0,14.6219989226601,20,6,"603663.SH"
"493",2.70805020110221,3.28737474722188,1.65441127807683,0.0423,0,0,0,1,0,12.5988322015987,15,3,"603667.SH"
"494",2.63905732961526,3.77561114993827,1.42069578783722,0.4139,0,1,0,1,0,15.9696838282317,14,1,"603669.SH"
"495",2.19722457733622,2.19123294766792,1.73342389221509,0.6278,0,0,0,1,0,7.77454774922995,9,2,"603678.SH"
"496",2.19722457733622,2.36057637848934,1.86872051036418,0.5194,0,0,0,1,0,8.07600497575263,9,1,"603686.SH"
"497",2.484906649788,1.59693375320807,1.63315443905142,0.6864,0,0,0,1,0,7.09518688372023,12,5,"603688.SH"
"498",2.77258872223978,2.54253576262463,1.67709656090792,0.2761,0,0,0,1,0,9.92613317333951,16,7,"603696.SH"
"499",1.94591014905531,2.58099477488367,1.60743590976343,0.6081,0,0,0,1,0,8.67604439519753,7,1,"603698.SH"
"500",2.63905732961526,2.51179555000433,1.85473426838944,0.0271,0,0,0,1,0,10.5625918081988,14,4,"603701.SH"
"501",2.19722457733622,2.2982466913954,1.69009581545155,0.4511,0,1,0,1,0,11.439303098317,9,2,"603703.SH"
"502",2.07944154167984,3.24419363285249,1.83418018511201,0.0511,0,0,0,1,0,11.7905611279448,8,3,"603708.SH"
"503",2.63905732961526,3.03904297195879,2.73436750941958,0.0156,0,0,0,1,0,8.80978427276339,14,6,"603716.SH"
"504",2.99573227355399,3.08531318273196,1.23837423104327,0.3078,0,1,0,1,0,15.9541896849642,20,5,"603718.SH"
"505",2.484906649788,2.70265935246733,1.96571277635149,0.0422,0,0,0,1,0,10.4430420808951,12,2,"603726.SH"
"506",2.19722457733622,3.21187314373226,2.26384426467762,0.0424,0,0,0,1,0,10.3243540213867,9,1,"603727.SH"
"507",2.484906649788,2.6825824343563,2.62611681833952,0.538,0,1,0,1,0,8.73848593426378,12,4,"603729.SH"
"508",2.89037175789616,2.78062089393705,2.17815501461587,0.0415,0,0,0,1,0,9.90777149383063,18,9,"603737.SH"
"509",2.63905732961526,3.39402889218353,2.0188950418118,0.0186,0,0,0,1,0,11.5888480573854,14,3,"603738.SH"
"510",2.63905732961526,2.82494925258775,2.0188950418118,0.046,0,0,0,1,0,10.4543142653219,14,4,"603777.SH"
"511",2.30258509299405,2.68092153371396,2.27418561847235,0.1714,0,0,0,1,0,8.8881127892745,10,2,"603778.SH"
"512",2.99573227355399,2.42533812798465,1.28370777234479,0.0532,0,0,0,1,0,12.2597133630551,20,8,"603779.SH"
"513",2.19722457733622,1.216734197525,1.46787434811231,0.3117,0,0,0,1,0,8.44163398990923,9,1,"603788.SH"
"514",1.94591014905531,2.82683373709218,1.63899671467564,0.6635,0,1,0,1,0,11.3855480128108,7,4,"603789.SH"
"515",2.56494935746154,3.01194295960197,1.89009536994892,0.0432,0,0,0,1,0,11.2166002889107,13,2,"603798.SH"
"516",2.63905732961526,2.64059697580086,1.54543258245819,0.5343,0,0,0,1,0,9.25366845850517,14,5,"603799.SH"
"517",2.70805020110221,2.91805923523576,1.5810384379124,0.3156,0,0,0,1,0,10.6392504351013,15,5,"603800.SH"
"518",1.38629436111989,0.885927237303107,2.18829594659192,1.5161,0,0,0,1,0,3.56771536106817,4,1,"603806.SH"
"519",1.94591014905531,1.98813938327305,2.15871472257434,0.804,0,1,0,1,0,7.94092775308798,7,0,"603808.SH"
"520",1.6094379124341,2.61102248883709,2.02419306744936,0.0647,0,0,0,1,0,9.99972290334976,5,4,"603816.SH"
"521",2.19722457733622,2.49353597648606,1.54968790802833,0.5748,0,1,0,1,0,11.5948309981561,9,2,"603818.SH"
"522",2.70805020110221,3.0366931666091,1.7509374747078,0.036,0,0,0,1,0,11.7934407640719,15,4,"603819.SH"
"523",2.39789527279837,2.71900921489193,2.08691355651854,0.0239,0,0,0,1,0,10.1779535435928,11,1,"603822.SH"
"524",2.39789527279837,3.53396715962686,1.58719230348678,0.0314,0,0,0,1,0,13.4424294365129,11,2,"603823.SH"
"525",1.38629436111989,2.26979527017109,2.03077636969855,0.9563,0,0,0,1,0,6.12003457081728,4,2,"603828.SH"
"526",1.6094379124341,3.30823494119069,1.46787434811231,0.2713,0,0,1,1,0,8.98638016925279,5,3,"603838.SH"
"527",2.56494935746154,3.54437538281993,1.05431202977153,0.0735,0,0,0,1,0,15.5358739542657,13,2,"603843.SH"
"528",1.94591014905531,2.99007495397095,2.81899509505394,0.0546,0,0,0,1,0,8.35719430813872,7,1,"603858.SH"
"529",2.89037175789616,3.31502291695571,1.67896397508271,0.0332,0,0,0,1,0,12.6146865283996,18,6,"603859.SH"
"530",2.19722457733622,2.30085542882983,1.44691898293633,0.074,0,0,0,1,0,11.3184332784612,9,2,"603861.SH"
"531",2.39789527279837,2.461470083978,1.26976054486394,0.408,0,0,0,1,0,10.413551947404,11,1,"603866.SH"
"532",2.30258509299405,2.29800842596664,1.43746264769429,0.0633,0,0,0,1,0,11.4056752941711,10,1,"603868.SH"
"533",2.83321334405622,2.87495295022899,1.19392246847243,0.5262,0,1,0,1,0,14.0641059986535,17,3,"603869.SH"
"534",1.94591014905531,2.89934256863583,2.24812890719799,0.0371,0,0,0,1,0,9.90145846196077,7,2,"603878.SH"
"535",2.30258509299405,2.57741478882854,2.002830439308,0.5435,0,1,0,1,0,10.3801294163943,10,0,"603883.SH"
"536",2.83321334405622,3.36084608613859,1.56653041142282,0.3059,0,1,0,1,0,15.0786693820357,17,2,"603885.SH"
"537",2.30258509299405,3.58560864681225,1.43508452528932,0.0405,0,0,0,1,0,14.137370985144,10,4,"603886.SH"
"538",2.77258872223978,3.31524347416545,1.91692261218206,0.0331,0,0,0,1,0,11.7267070968152,16,5,"603887.SH"
"539",2.56494935746154,3.27296750234372,2.49650578563135,0.0429,0,0,0,1,0,9.70301609265831,13,4,"603888.SH"
"540",1.09861228866811,1.63621759649621,2.14943391349987,0.4283,0,0,0,1,0,6.91050076636352,3,3,"603889.SH"
"541",2.07944154167984,2.55156987549215,2.04510886259933,0.9067,0,0,0,1,0,6.52583236487692,8,2,"603898.SH"
"542",2.07944154167984,2.21640739675299,1.42310833424261,0.6903,0,0,0,1,0,8.327894280414,8,0,"603899.SH"
"543",2.30258509299405,3.36945115050053,2.07317192866624,0.0433,0,0,0,1,0,11.2171777319277,10,1,"603900.SH"
"544",2.56494935746154,2.87528612047812,2.02683159140754,0.3499,0,1,0,1,0,11.8692436839271,13,2,"603901.SH"
"545",2.89037175789616,3.1055471395612,1.7263316639056,0.041,0,0,0,1,0,11.9832118882632,18,7,"603909.SH"
"546",2.94443897916644,3.6357696288,1.60140574073684,0.2131,0,1,0,1,0,16.300256072515,19,3,"603918.SH"
"547",1.94591014905531,2.46680294383335,1.66392609771817,0.0742,0,0,0,1,0,10.8681500594478,7,3,"603919.SH"
"548",2.19722457733622,3.08643009080215,1.59330853050422,0.0369,0,0,0,1,0,12.4702678232658,9,3,"603928.SH"
"549",2.70805020110221,3.07341021327967,1.25846098961001,0.038,0,0,0,1,0,13.7851208803194,15,2,"603929.SH"
"550",2.77258872223978,2.9187269836513,1.63705307946707,0.234,0,0,0,1,0,10.8838944468677,16,6,"603936.SH"
"551",1.79175946922805,2.2334788945955,2.10657020906809,0.9233,0,0,0,1,0,6.04165740556948,6,0,"603939.SH"
"552",2.63905732961526,2.91020400796547,1.61342993370364,0.0577,0,0,0,1,0,11.9323362439655,14,3,"603958.SH"
"553",2.83321334405622,2.67644771883382,1.23256026117785,0.0568,0,0,0,1,0,12.9336037891154,17,5,"603959.SH"
"554",2.63905732961526,2.9262178896693,2.26176309847379,0.5811,0,1,0,1,0,9.94404240186828,14,5,"603968.SH"
"555",1.6094379124341,2.50838000597364,1.94448055624572,1.1068,0,0,0,1,0,6.06293236506086,5,1,"603969.SH"
"556",2.77258872223978,4.11455465312814,1.44926916028128,0.0447,0,0,0,1,0,15.267811084725,16,1,"603977.SH"
"557",1.38629436111989,2.47117816032683,2.18605127673809,0.7811,0,0,1,1,0,4.92558712889002,4,0,"603979.SH"
"558",2.89037175789616,3.51998091765212,2.3869262414278,0.0335,0,0,0,1,0,10.4812890762185,18,8,"603986.SH"
"559",2.63905732961526,3.7803945629497,1.64093657949347,0.0415,0,0,0,1,0,13.6782092676131,14,1,"603987.SH"
"560",2.30258509299405,1.59676850933344,1.99061032797322,0.4876,0,0,0,1,0,7.00522140985124,10,3,"603988.SH"
"561",2.63905732961526,3.66649193523631,2.17475172148416,0.6409,0,1,0,1,0,11.146539348053,14,3,"603989.SH"
"562",2.70805020110221,3.66907682681776,1.49962304642689,0.0166,0,0,0,1,0,14.2081821649784,15,1,"603990.SH"
"563",2.63905732961526,2.99773027621667,1.870262530716,0.2387,0,0,0,1,0,10.2350525255758,14,4,"603996.SH"
"564",1.79175946922805,2.5947215157952,1.02245092770255,0.4551,0,1,0,1,0,14.6852206079594,6,8,"603997.SH"
"565",1.94591014905531,2.12984709646414,1.89761985992753,0.5128,0,0,0,1,0,7.74381504253544,7,0,"603998.SH"
"566",2.77258872223978,2.87943181785782,1.8213182714696,0.2545,0,0,0,1,0,10.1198583834327,16,6,"603999.SH"
